MapDate,Region,None,D0,D1,D2,D3,D4,ValidStart,ValidEnd,StatisticFormatID
20220628,High Plains,"164,036.24","345,328.79","271,188.35","136,670.03","28,657.82","1,085.64",2022-06-28,2022-07-04,1
20220628,Midwest,"277,405.97","221,459.33","35,334.16","4,135.76",887.93,0.00,2022-06-28,2022-07-04,1
20220628,Northeast,"143,561.99","59,533.20","15,150.23",0.00,0.00,0.00,2022-06-28,2022-07-04,1
20220628,South,"96,752.33","428,222.97","288,096.93","193,421.36","123,836.36","42,978.32",2022-06-28,2022-07-04,1
20220628,Southeast,"102,105.56","188,236.03","75,719.03","14,271.29",0.00,0.00,2022-06-28,2022-07-04,1
20220628,West,"488,784.30","1,286,281.90","993,034.24","719,183.71","384,932.62","72,578.86",2022-06-28,2022-07-04,1
20220621,High Plains,"153,927.16","355,437.87","273,974.84","133,934.33","34,027.23","1,088.48",2022-06-21,2022-06-27,1
20220621,Midwest,"375,282.34","123,582.96","13,211.04","3,281.07",0.00,0.00,2022-06-21,2022-06-27,1
20220621,Northeast,"167,804.13","35,291.06","4,826.06",0.00,0.00,0.00,2022-06-21,2022-06-27,1
20220621,South,"157,613.85","367,361.45","261,013.08","193,154.55","124,214.27","46,395.84",2022-06-21,2022-06-27,1
20220621,Southeast,"147,507.75","142,833.84","49,805.46","7,475.78",0.00,0.00,2022-06-21,2022-06-27,1
20220621,West,"452,961.06","1,322,105.14","978,638.44","724,417.09","435,125.35","121,666.29",2022-06-21,2022-06-27,1
20220614,High Plains,"155,254.47","354,110.56","273,866.74","125,073.87","37,285.68","1,088.48",2022-06-14,2022-06-20,1
20220614,Midwest,"451,783.17","47,082.13","5,256.94","1,947.68",0.00,0.00,2022-06-14,2022-06-20,1
20220614,Northeast,"176,068.48","27,026.71","4,826.06",0.00,0.00,0.00,2022-06-14,2022-06-20,1
20220614,South,"195,669.65","329,305.65","253,109.89","191,577.00","120,585.51","45,524.08",2022-06-14,2022-06-20,1
20220614,Southeast,"196,305.21","94,036.38","34,235.53","7,234.39",0.00,0.00,2022-06-14,2022-06-20,1
20220614,West,"445,950.91","1,329,115.28","989,151.99","728,441.48","453,788.93","121,723.65",2022-06-14,2022-06-20,1
20220607,High Plains,"134,505.14","374,859.89","300,933.49","135,547.12","39,892.91","1,744.65",2022-06-07,2022-06-13,1
20220607,Midwest,"453,305.51","45,559.79","3,903.65","1,232.66",0.00,0.00,2022-06-07,2022-06-13,1
20220607,Northeast,"173,941.93","29,153.26","4,533.03",0.00,0.00,0.00,2022-06-07,2022-06-13,1
20220607,South,"205,961.90","319,013.40","254,339.30","198,807.87","116,486.88","43,083.93",2022-06-07,2022-06-13,1
20220607,Southeast,"212,118.53","78,223.07","31,054.20","9,295.23",0.00,0.00,2022-06-07,2022-06-13,1
20220607,West,"448,625.32","1,326,440.88","1,003,493.25","757,388.95","452,696.49","119,431.47",2022-06-07,2022-06-13,1
20220531,High Plains,"119,158.96","390,206.07","333,525.80","157,846.33","43,302.54","3,869.65",2022-05-31,2022-06-06,1
20220531,Midwest,"449,742.15","49,123.15","3,905.38","1,230.72",0.00,0.00,2022-05-31,2022-06-06,1
20220531,Northeast,"178,977.62","24,117.57","5,475.03",0.00,0.00,0.00,2022-05-31,2022-06-06,1
20220531,South,"211,070.32","313,904.98","258,838.30","211,822.18","132,792.02","49,528.83",2022-05-31,2022-06-06,1
20220531,Southeast,"219,141.07","71,200.52","30,222.53","8,847.15",0.00,0.00,2022-05-31,2022-06-06,1
20220531,West,"566,477.11","1,208,589.09","1,037,838.80","816,879.93","451,082.09","113,542.14",2022-05-31,2022-06-06,1
20220524,High Plains,"103,497.37","405,867.66","359,348.96","199,594.34","57,157.38","6,082.33",2022-05-24,2022-05-30,1
20220524,Midwest,"442,249.17","56,616.13","3,905.38","1,230.72",0.00,0.00,2022-05-24,2022-05-30,1
20220524,Northeast,"172,381.65","30,713.53","4,545.53",0.00,0.00,0.00,2022-05-24,2022-05-30,1
20220524,South,"187,500.54","337,474.76","261,897.06","214,186.03","138,796.72","60,584.67",2022-05-24,2022-05-30,1
20220524,Southeast,"166,247.03","124,094.56","31,979.70","9,922.13",0.00,0.00,2022-05-24,2022-05-30,1
20220524,West,"606,257.40","1,168,808.80","1,048,932.91","862,030.52","460,753.97","115,225.58",2022-05-24,2022-05-30,1
20220517,High Plains,"101,366.30","407,998.73","366,325.95","206,044.54","60,202.36","6,082.33",2022-05-17,2022-05-23,1
20220517,Midwest,"455,922.24","42,943.06","3,905.38","1,230.72",0.00,0.00,2022-05-17,2022-05-23,1
20220517,Northeast,"172,913.55","30,181.64","2,283.25",0.00,0.00,0.00,2022-05-17,2022-05-23,1
20220517,South,"179,600.46","345,374.84","277,143.62","231,264.73","180,227.68","83,774.46",2022-05-17,2022-05-23,1
20220517,Southeast,"139,807.90","150,533.69","47,260.47","10,758.88",0.00,0.00,2022-05-17,2022-05-23,1
20220517,West,"626,957.01","1,148,109.19","1,074,195.98","864,703.16","439,361.23","86,422.79",2022-05-17,2022-05-23,1
20220510,High Plains,"88,661.51","420,703.52","378,895.39","207,945.27","33,788.17","2,913.99",2022-05-10,2022-05-16,1
20220510,Midwest,"454,861.34","44,003.96","3,905.38","1,230.72",0.00,0.00,2022-05-10,2022-05-16,1
20220510,Northeast,"186,713.02","16,382.17","2,556.30",0.00,0.00,0.00,2022-05-10,2022-05-16,1
20220510,South,"195,777.77","329,197.53","270,613.69","226,795.60","171,439.42","72,348.45",2022-05-10,2022-05-16,1
20220510,Southeast,"178,726.80","111,614.79","47,144.96","8,847.09",0.00,0.00,2022-05-10,2022-05-16,1
20220510,West,"630,142.26","1,144,923.94","1,080,466.62","862,148.06","407,319.54","54,351.92",2022-05-10,2022-05-16,1
20220503,High Plains,"80,778.22","428,586.81","382,450.42","216,129.17","37,216.80","2,086.82",2022-05-03,2022-05-09,1
20220503,Midwest,"442,432.86","56,432.43","7,356.87","1,545.61",0.00,0.00,2022-05-03,2022-05-09,1
20220503,Northeast,"166,010.71","37,084.48","2,762.53",0.00,0.00,0.00,2022-05-03,2022-05-09,1
20220503,South,"167,224.84","357,750.46","281,747.47","232,008.54","168,437.06","68,745.26",2022-05-03,2022-05-09,1
20220503,Southeast,"175,191.74","115,149.86","46,360.36","7,453.05",0.00,0.00,2022-05-03,2022-05-09,1
20220503,West,"622,482.06","1,152,584.14","1,086,310.40","865,668.12","364,226.01","54,885.86",2022-05-03,2022-05-09,1
20220426,High Plains,"72,968.08","436,396.95","383,880.57","239,533.81","59,442.48","2,252.56",2022-04-26,2022-05-02,1
20220426,Midwest,"436,550.47","62,314.83","7,258.55","1,318.87",0.00,0.00,2022-04-26,2022-05-02,1
20220426,Northeast,"165,252.99","37,842.20","2,513.64",0.00,0.00,0.00,2022-04-26,2022-05-02,1
20220426,South,"157,431.19","367,544.11","291,753.90","241,271.79","167,566.91","59,730.72",2022-04-26,2022-05-02,1
20220426,Southeast,"188,803.31","101,538.29","46,427.63","7,924.43",0.00,0.00,2022-04-26,2022-05-02,1
20220426,West,"627,236.87","1,147,829.33","1,085,751.50","890,525.12","389,223.36","45,604.28",2022-04-26,2022-05-02,1
20220419,High Plains,"69,605.55","439,759.48","395,418.63","244,266.55","60,975.91","2,252.56",2022-04-19,2022-04-25,1
20220419,Midwest,"401,892.39","96,972.91","27,653.05","1,318.87",0.00,0.00,2022-04-19,2022-04-25,1
20220419,Northeast,"165,252.99","37,842.20","2,513.64",0.00,0.00,0.00,2022-04-19,2022-04-25,1
20220419,South,"146,978.01","377,997.29","313,261.60","248,612.83","173,905.74","48,778.79",2022-04-19,2022-04-25,1
20220419,Southeast,"188,172.16","102,169.43","42,103.34","6,005.74",0.00,0.00,2022-04-19,2022-04-25,1
20220419,West,"642,411.89","1,132,654.30","1,073,586.03","890,778.68","398,778.55","34,332.44",2022-04-19,2022-04-25,1
20220412,High Plains,"68,385.28","440,979.75","397,720.39","230,191.03","46,045.75","2,252.56",2022-04-12,2022-04-18,1
20220412,Midwest,"395,177.28","103,688.02","33,891.94","1,296.30",0.00,0.00,2022-04-12,2022-04-18,1
20220412,Northeast,"159,590.59","43,504.60","4,311.85","1,369.56",0.00,0.00,2022-04-12,2022-04-18,1
20220412,South,"123,932.62","401,042.68","341,382.70","262,094.58","164,421.38","43,878.69",2022-04-12,2022-04-18,1
20220412,Southeast,"176,876.24","113,465.35","43,116.39","5,933.76",0.00,0.00,2022-04-12,2022-04-18,1
20220412,West,"640,713.04","1,134,353.16","1,072,172.68","892,863.90","396,957.82","32,105.74",2022-04-12,2022-04-18,1
20220405,High Plains,"67,800.25","441,564.78","397,892.58","227,849.22","38,632.17","1,689.93",2022-04-05,2022-04-11,1
20220405,Midwest,"369,390.14","129,475.16","36,475.59","1,296.30",0.00,0.00,2022-04-05,2022-04-11,1
20220405,Northeast,"136,133.49","66,961.70","7,133.32","1,369.56",0.00,0.00,2022-04-05,2022-04-11,1
20220405,South,"130,580.43","394,394.87","340,995.55","269,703.02","143,826.85","32,195.15",2022-04-05,2022-04-11,1
20220405,Southeast,"165,537.24","124,804.35","55,120.84","5,898.75",0.00,0.00,2022-04-05,2022-04-11,1
20220405,West,"639,576.45","1,135,489.75","1,071,769.40","887,457.27","368,616.20","30,299.88",2022-04-05,2022-04-11,1
20220329,High Plains,"67,058.51","442,306.52","396,679.86","230,439.53","40,783.95","1,689.93",2022-03-29,2022-04-04,1
20220329,Midwest,"352,667.01","146,198.29","50,925.55","1,701.09",0.00,0.00,2022-03-29,2022-04-04,1
20220329,Northeast,"146,034.00","57,061.19","6,365.00","1,369.56",0.00,0.00,2022-03-29,2022-04-04,1
20220329,South,"121,200.92","403,774.38","359,463.68","271,153.26","149,853.33","24,460.48",2022-03-29,2022-04-04,1
20220329,Southeast,"165,409.27","124,932.32","56,648.00","1,744.44",0.00,0.00,2022-03-29,2022-04-04,1
20220329,West,"648,650.01","1,126,416.18","1,059,775.43","831,458.15","352,134.18","29,700.20",2022-03-29,2022-04-04,1
20220322,High Plains,"67,705.47","441,659.56","386,064.49","200,889.95","38,917.34","1,455.81",2022-03-22,2022-03-28,1
20220322,Midwest,"294,846.97","204,018.33","72,624.10","11,774.26",0.00,0.00,2022-03-22,2022-03-28,1
20220322,Northeast,"143,763.51","59,331.68","6,365.00","1,369.56",0.00,0.00,2022-03-22,2022-03-28,1
20220322,South,"115,423.85","409,551.45","365,651.24","277,838.89","145,524.31","21,909.60",2022-03-22,2022-03-28,1
20220322,Southeast,"161,148.48","129,193.11","47,811.69","1,406.32",0.00,0.00,2022-03-22,2022-03-28,1
20220322,West,"647,632.03","1,127,434.17","1,060,432.41","829,984.75","339,946.84","29,700.20",2022-03-22,2022-03-28,1
20220315,High Plains,"49,382.42","459,982.61","405,717.94","235,233.27","40,674.47","1,501.46",2022-03-15,2022-03-21,1
20220315,Midwest,"284,575.21","214,290.09","85,262.32","11,774.26",0.00,0.00,2022-03-15,2022-03-21,1
20220315,Northeast,"149,019.62","54,075.57","5,644.05","1,369.56",0.00,0.00,2022-03-15,2022-03-21,1
20220315,South,"101,304.39","423,670.91","391,971.75","295,729.20","165,031.81","32,968.91",2022-03-15,2022-03-21,1
20220315,Southeast,"131,296.56","159,045.03","67,512.80",0.00,0.00,0.00,2022-03-15,2022-03-21,1
20220315,West,"643,722.01","1,131,344.18","1,073,532.66","853,709.76","334,725.41","28,359.45",2022-03-15,2022-03-21,1
20220308,High Plains,"49,108.21","460,256.82","402,915.33","228,339.61","29,315.44","1,501.46",2022-03-08,2022-03-14,1
20220308,Midwest,"284,573.05","214,292.25","87,793.71","10,477.96",0.00,0.00,2022-03-08,2022-03-14,1
20220308,Northeast,"150,855.49","52,239.70","7,364.22","1,727.47",0.00,0.00,2022-03-08,2022-03-14,1
20220308,South,"98,648.53","426,326.78","391,255.16","301,956.96","156,690.46","25,357.07",2022-03-08,2022-03-14,1
20220308,Southeast,"106,054.68","184,286.91","69,747.91","1,244.50",0.00,0.00,2022-03-08,2022-03-14,1
20220308,West,"644,412.75","1,130,653.45","1,074,275.61","839,291.19","283,269.59","34,550.90",2022-03-08,2022-03-14,1
20220301,High Plains,"48,248.36","461,116.67","403,719.15","223,007.49","31,142.14",113.81,2022-03-01,2022-03-07,1
20220301,Midwest,"274,150.01","224,715.29","96,473.05","11,386.19",0.00,0.00,2022-03-01,2022-03-07,1
20220301,Northeast,"167,084.26","36,010.92","4,140.97","1,727.47",0.00,0.00,2022-03-01,2022-03-07,1
20220301,South,"109,641.39","415,333.91","355,666.70","258,967.88","110,658.31","2,130.24",2022-03-01,2022-03-07,1
20220301,Southeast,"152,185.02","138,156.57","38,212.44",0.00,0.00,0.00,2022-03-01,2022-03-07,1
20220301,West,"630,371.68","1,144,694.52","1,077,506.84","832,139.38","280,864.90","33,190.38",2022-03-01,2022-03-07,1
20220222,High Plains,"40,151.47","469,213.56","399,150.27","196,425.44","30,010.67",3.28,2022-02-22,2022-02-28,1
20220222,Midwest,"275,129.68","223,735.62","94,463.79","11,386.19",0.00,0.00,2022-02-22,2022-02-28,1
20220222,Northeast,"167,097.79","35,997.40","4,140.97","1,727.47",0.00,0.00,2022-02-22,2022-02-28,1
20220222,South,"108,491.51","416,483.79","351,097.49","245,696.49","106,136.37","2,028.86",2022-02-22,2022-02-28,1
20220222,Southeast,"166,459.13","123,882.46","20,785.24",0.00,0.00,0.00,2022-02-22,2022-02-28,1
20220222,West,"629,453.46","1,145,612.74","1,054,778.35","762,642.77","251,400.50","34,949.51",2022-02-22,2022-02-28,1
20220215,High Plains,"40,118.67","469,246.36","397,091.09","192,160.83","28,373.27",3.28,2022-02-15,2022-02-21,1
20220215,Midwest,"261,079.00","237,786.29","105,714.59","11,933.88",0.00,0.00,2022-02-15,2022-02-21,1
20220215,Northeast,"167,097.79","35,997.40","4,140.97","1,727.47",0.00,0.00,2022-02-15,2022-02-21,1
20220215,South,"104,565.20","420,410.10","344,919.27","253,651.28","110,556.46","2,028.86",2022-02-15,2022-02-21,1
20220215,Southeast,"208,001.26","82,340.33","4,725.36",0.00,0.00,0.00,2022-02-15,2022-02-21,1
20220215,West,"629,628.69","1,145,437.51","1,054,049.24","761,572.18","237,242.73","35,375.97",2022-02-15,2022-02-21,1
20220208,High Plains,"43,791.03","465,574.00","371,178.36","184,480.81","27,588.68",3.28,2022-02-08,2022-02-14,1
20220208,Midwest,"274,057.74","224,807.56","91,753.09","9,825.30",0.00,0.00,2022-02-08,2022-02-14,1
20220208,Northeast,"165,241.48","37,853.71","4,140.97","1,727.47",0.00,0.00,2022-02-08,2022-02-14,1
20220208,South,"115,523.59","409,451.71","340,515.14","238,301.91","101,854.87","2,028.86",2022-02-08,2022-02-14,1
20220208,Southeast,"224,788.74","65,552.85","3,837.97",0.00,0.00,0.00,2022-02-08,2022-02-14,1
20220208,West,"628,774.83","1,146,291.37","1,048,370.74","760,160.45","228,839.12","38,329.88",2022-02-08,2022-02-14,1
20220201,High Plains,"46,084.16","463,280.87","336,763.32","184,590.13","35,613.03",3.28,2022-02-01,2022-02-07,1
20220201,Midwest,"283,331.79","215,533.51","82,913.84","9,825.30",0.00,0.00,2022-02-01,2022-02-07,1
20220201,Northeast,"165,711.93","37,383.26","4,140.97","1,727.47",0.00,0.00,2022-02-01,2022-02-07,1
20220201,South,"96,119.61","428,855.70","366,352.85","273,043.32","124,242.56","2,028.86",2022-02-01,2022-02-07,1
20220201,Southeast,"198,194.55","92,147.04","15,503.15",163.90,0.00,0.00,2022-02-01,2022-02-07,1
20220201,West,"629,361.58","1,145,704.62","1,048,132.32","760,266.57","233,299.14","38,329.88",2022-02-01,2022-02-07,1
20220125,High Plains,"49,468.25","459,896.78","335,546.35","184,793.86","37,560.55",3.28,2022-01-25,2022-01-31,1
20220125,Midwest,"304,741.38","194,123.92","78,044.01","10,342.84",0.00,0.00,2022-01-25,2022-01-31,1
20220125,Northeast,"181,473.36","21,621.83","4,140.97","1,727.47",0.00,0.00,2022-01-25,2022-01-31,1
20220125,South,"90,175.41","434,799.89","370,990.67","268,447.55","121,912.30","2,028.86",2022-01-25,2022-01-31,1
20220125,Southeast,"206,314.03","84,027.57","15,049.03",0.00,0.00,0.00,2022-01-25,2022-01-31,1
20220125,West,"629,028.90","1,146,037.30","1,044,752.69","762,143.31","235,266.18","37,537.90",2022-01-25,2022-01-31,1
20220118,High Plains,"59,799.40","449,565.63","332,817.09","181,228.04","34,606.94",0.00,2022-01-18,2022-01-24,1
20220118,Midwest,"312,836.72","186,028.58","77,390.31","10,342.84",0.00,0.00,2022-01-18,2022-01-24,1
20220118,Northeast,"177,634.86","25,460.32","4,140.97","1,727.47",0.00,0.00,2022-01-18,2022-01-24,1
20220118,South,"89,762.07","435,213.23","362,037.06","261,723.69","105,694.66","1,440.21",2022-01-18,2022-01-24,1
20220118,Southeast,"189,092.95","101,248.64","24,457.85",0.00,0.00,0.00,2022-01-18,2022-01-24,1
20220118,West,"634,160.14","1,140,906.06","1,044,229.03","760,833.15","224,244.83","34,476.04",2022-01-18,2022-01-24,1
20220111,High Plains,"60,440.75","448,924.28","327,446.42","174,142.64","43,709.01",0.00,2022-01-11,2022-01-17,1
20220111,Midwest,"314,612.19","184,253.11","77,407.16","10,342.84",0.00,0.00,2022-01-11,2022-01-17,1
20220111,Northeast,"176,465.83","26,629.36","4,140.97","1,727.47",0.00,0.00,2022-01-11,2022-01-17,1
20220111,South,"88,954.11","436,021.19","342,921.52","246,561.94","91,229.76",0.00,2022-01-11,2022-01-17,1
20220111,Southeast,"162,514.29","127,827.30","45,520.87","2,196.12",0.00,0.00,2022-01-11,2022-01-17,1
20220111,West,"634,088.55","1,140,977.65","1,044,227.25","759,676.37","242,419.66","37,211.88",2022-01-11,2022-01-17,1
20220104,High Plains,"65,417.31","443,947.72","330,117.53","176,056.79","43,970.43",0.00,2022-01-04,2022-01-10,1
20220104,Midwest,"315,871.37","182,993.93","76,092.95","12,025.81",0.00,0.00,2022-01-04,2022-01-10,1
20220104,Northeast,"172,450.81","30,644.38","4,412.64","1,727.47",0.00,0.00,2022-01-04,2022-01-10,1
20220104,South,"86,463.30","438,512.01","327,403.21","226,743.99","78,975.86",0.00,2022-01-04,2022-01-10,1
20220104,Southeast,"164,135.21","126,206.38","47,359.52","3,794.12",0.00,0.00,2022-01-04,2022-01-10,1
20220104,West,"632,389.79","1,142,676.41","1,059,139.42","769,782.86","282,902.98","46,761.40",2022-01-04,2022-01-10,1
20211228,High Plains,"63,178.44","446,186.59","332,025.79","178,075.46","45,881.22",0.00,2021-12-28,2022-01-03,1
20211228,Midwest,"300,986.63","197,878.67","80,346.39","12,501.96",0.00,0.00,2021-12-28,2022-01-03,1
20211228,Northeast,"157,464.91","45,630.27","6,942.57","1,727.47",0.00,0.00,2021-12-28,2022-01-03,1
20211228,South,"124,267.69","400,707.61","283,254.25","155,951.94","44,049.94",0.00,2021-12-28,2022-01-03,1
20211228,Southeast,"111,437.17","178,904.42","81,374.42","30,162.28",0.00,0.00,2021-12-28,2022-01-03,1
20211228,West,"628,512.25","1,146,553.95","1,078,841.49","842,213.57","368,319.99","57,196.99",2021-12-28,2022-01-03,1
20211221,High Plains,"64,443.26","444,921.77","322,484.63","189,759.76","46,305.03",0.00,2021-12-21,2021-12-27,1
20211221,Midwest,"305,756.03","193,109.27","85,557.70","18,297.15",0.00,0.00,2021-12-21,2021-12-27,1
20211221,Northeast,"157,464.91","45,630.27","4,646.80","1,727.47",0.00,0.00,2021-12-21,2021-12-27,1
20211221,South,"139,673.92","385,301.38","263,576.25","108,222.01","14,524.57",0.00,2021-12-21,2021-12-27,1
20211221,Southeast,"132,992.22","157,349.37","76,057.57","30,162.28",0.00,0.00,2021-12-21,2021-12-27,1
20211221,West,"616,735.14","1,158,331.06","1,108,287.87","898,136.42","504,934.17","110,544.90",2021-12-21,2021-12-27,1
20211214,High Plains,"79,683.98","429,681.05","313,736.24","178,381.06","45,473.04",0.00,2021-12-14,2021-12-20,1
20211214,Midwest,"297,846.98","201,018.32","89,623.87","25,826.60","1,150.24",0.00,2021-12-14,2021-12-20,1
20211214,Northeast,"167,918.07","35,177.12","4,141.04","1,727.47",0.00,0.00,2021-12-14,2021-12-20,1
20211214,South,"118,039.64","406,935.66","261,659.46","100,208.85","7,080.85",0.00,2021-12-14,2021-12-20,1
20211214,Southeast,"92,978.10","197,363.49","68,129.21","29,611.53",0.00,0.00,2021-12-14,2021-12-20,1
20211214,West,"612,785.12","1,162,281.08","1,122,435.74","898,194.33","516,543.24","136,972.82",2021-12-14,2021-12-20,1
20211207,High Plains,"88,245.58","421,119.45","331,894.97","186,863.17","45,442.10",0.00,2021-12-07,2021-12-13,1
20211207,Midwest,"302,324.42","196,540.88","86,989.41","24,353.84","1,150.24",0.00,2021-12-07,2021-12-13,1
20211207,Northeast,"180,416.02","22,679.17","4,141.04","1,727.47",0.00,0.00,2021-12-07,2021-12-13,1
20211207,South,"148,976.31","375,999.00","250,894.85","85,703.65","3,497.81",0.00,2021-12-07,2021-12-13,1
20211207,Southeast,"95,282.34","195,059.25","74,510.65","36,223.90",0.00,0.00,2021-12-07,2021-12-13,1
20211207,West,"610,075.10","1,164,991.10","1,126,186.69","916,714.16","523,498.32","149,602.94",2021-12-07,2021-12-13,1
20211130,High Plains,"88,245.58","421,119.45","325,652.13","170,435.21","40,379.15",0.00,2021-11-30,2021-12-06,1
20211130,Midwest,"305,240.80","193,624.50","86,219.54","24,353.84","1,150.24",0.00,2021-11-30,2021-12-06,1
20211130,Northeast,"183,404.75","19,690.44","4,141.04","1,727.47",0.00,0.00,2021-11-30,2021-12-06,1
20211130,South,"180,205.16","344,770.14","218,783.30","63,081.15","1,562.14",0.00,2021-11-30,2021-12-06,1
20211130,Southeast,"149,867.29","140,474.30","51,749.64","13,190.12",0.00,0.00,2021-11-30,2021-12-06,1
20211130,West,"607,591.65","1,167,474.55","1,118,528.74","902,399.93","523,445.16","160,288.74",2021-11-30,2021-12-06,1
20211123,High Plains,"91,932.95","417,432.08","311,586.93","157,322.44","28,598.43",0.00,2021-11-23,2021-11-29,1
20211123,Midwest,"327,564.71","171,300.59","88,735.60","24,756.36","2,658.95",0.00,2021-11-23,2021-11-29,1
20211123,Northeast,"186,017.78","17,077.40","4,141.04","1,727.47",0.00,0.00,2021-11-23,2021-11-29,1
20211123,South,"223,741.74","301,233.57","161,781.43","42,003.02","1,562.14",0.00,2021-11-23,2021-11-29,1
20211123,Southeast,"184,076.65","106,264.94","39,287.53",0.00,0.00,0.00,2021-11-23,2021-11-29,1
20211123,West,"607,591.65","1,167,474.55","1,100,339.84","874,046.53","506,537.61","160,288.74",2021-11-23,2021-11-29,1
20211116,High Plains,"104,051.61","405,313.42","297,430.85","152,458.68","25,043.44",0.00,2021-11-16,2021-11-22,1
20211116,Midwest,"330,140.72","168,724.58","88,735.60","24,756.36","2,658.95",0.00,2021-11-16,2021-11-22,1
20211116,Northeast,"186,625.18","16,470.00","4,140.97","1,727.47",0.00,0.00,2021-11-16,2021-11-22,1
20211116,South,"235,297.89","289,677.41","141,806.26","32,565.23","1,159.09",0.00,2021-11-16,2021-11-22,1
20211116,Southeast,"219,491.24","70,850.35","28,591.15",0.00,0.00,0.00,2021-11-16,2021-11-22,1
20211116,West,"610,591.47","1,164,474.73","1,081,540.24","870,653.36","505,107.48","160,404.06",2021-11-16,2021-11-22,1
20211109,High Plains,"107,365.64","401,999.39","300,483.92","148,779.32","27,821.22",0.00,2021-11-09,2021-11-15,1
20211109,Midwest,"315,419.36","183,445.94","96,862.82","26,584.77","5,622.94",0.00,2021-11-09,2021-11-15,1
20211109,Northeast,"186,913.42","16,181.76","4,140.97","1,727.47",0.00,0.00,2021-11-09,2021-11-15,1
20211109,South,"249,118.31","275,856.99","121,672.76","22,461.01",538.28,0.00,2021-11-09,2021-11-15,1
20211109,Southeast,"233,089.36","57,252.23","18,589.29",0.00,0.00,0.00,2021-11-09,2021-11-15,1
20211109,West,"613,365.75","1,161,700.45","1,077,004.08","879,237.94","518,912.02","164,255.88",2021-11-09,2021-11-15,1
20211102,High Plains,"107,355.81","402,009.22","300,483.92","145,665.45","28,513.64",0.00,2021-11-02,2021-11-08,1
20211102,Midwest,"317,785.08","181,080.22","96,862.82","26,584.77","5,622.94",0.00,2021-11-02,2021-11-08,1
20211102,Northeast,"187,937.80","15,157.39","4,140.97","2,174.05",0.00,0.00,2021-11-02,2021-11-08,1
20211102,South,"254,863.48","270,111.82","119,681.17","24,621.04",538.28,0.00,2021-11-02,2021-11-08,1
20211102,Southeast,"229,082.97","61,258.62","14,224.92",0.00,0.00,0.00,2021-11-02,2021-11-08,1
20211102,West,"614,075.56","1,160,990.64","1,074,846.29","886,607.22","526,901.58","172,794.35",2021-11-02,2021-11-08,1
20211026,High Plains,"86,413.51","422,951.52","321,413.03","168,438.29","36,627.05","2,031.33",2021-10-26,2021-11-01,1
20211026,Midwest,"312,835.69","186,029.61","88,280.25","38,265.69","5,988.42",0.00,2021-10-26,2021-11-01,1
20211026,Northeast,"175,894.69","27,200.50","5,962.45","2,174.05",0.00,0.00,2021-10-26,2021-11-01,1
20211026,South,"259,966.91","265,008.39","98,733.21","16,826.71",538.28,0.00,2021-10-26,2021-11-01,1
20211026,Southeast,"222,821.42","67,520.17","3,193.79",0.00,0.00,0.00,2021-10-26,2021-11-01,1
20211026,West,"610,741.86","1,164,324.34","1,078,608.61","886,400.47","559,197.96","181,579.80",2021-10-26,2021-11-01,1
20211019,High Plains,"85,691.49","423,673.54","316,189.80","167,096.68","44,175.95","2,031.33",2021-10-19,2021-10-25,1
20211019,Midwest,"303,584.55","195,280.75","93,157.28","40,887.41","5,988.42",0.00,2021-10-19,2021-10-25,1
20211019,Northeast,"175,894.69","27,200.50","5,962.45","2,174.05",0.00,0.00,2021-10-19,2021-10-25,1
20211019,South,"310,529.93","214,445.37","77,820.21","9,958.09",538.28,0.00,2021-10-19,2021-10-25,1
20211019,Southeast,"255,670.30","34,671.29",43.82,0.00,0.00,0.00,2021-10-19,2021-10-25,1
20211019,West,"614,084.95","1,160,981.25","1,071,024.77","886,406.99","610,112.34","200,963.67",2021-10-19,2021-10-25,1
20211012,High Plains,"78,748.74","430,616.29","330,617.61","206,698.05","86,744.81","2,334.83",2021-10-12,2021-10-18,1
20211012,Midwest,"301,167.62","197,697.68","97,449.24","45,841.51","13,169.64",0.00,2021-10-12,2021-10-18,1
20211012,Northeast,"173,726.81","29,368.38","6,113.67","2,174.05",0.00,0.00,2021-10-12,2021-10-18,1
20211012,South,"289,808.75","235,166.56","84,760.33","14,713.29","1,061.52",0.00,2021-10-12,2021-10-18,1
20211012,Southeast,"260,268.09","30,073.50",397.18,0.00,0.00,0.00,2021-10-12,2021-10-18,1
20211012,West,"615,643.86","1,159,422.34","1,071,024.77","895,683.61","611,606.82","210,785.27",2021-10-12,2021-10-18,1
20211005,High Plains,"78,613.12","430,751.91","326,960.19","219,924.29","97,810.29","2,334.83",2021-10-05,2021-10-11,1
20211005,Midwest,"285,489.26","213,376.04","107,068.31","60,786.50","15,672.05",0.00,2021-10-05,2021-10-11,1
20211005,Northeast,"182,286.32","20,808.87","6,113.67","1,617.68",0.00,0.00,2021-10-05,2021-10-11,1
20211005,South,"317,269.84","207,705.46","72,784.51","16,826.77","2,024.46",0.00,2021-10-05,2021-10-11,1
20211005,Southeast,"257,774.59","32,567.00",407.24,0.00,0.00,0.00,2021-10-05,2021-10-11,1
20211005,West,"608,232.79","1,166,833.41","1,068,501.39","895,337.58","625,043.10","212,368.00",2021-10-05,2021-10-11,1
20210928,High Plains,"72,536.49","436,828.54","323,832.24","222,521.68","94,613.38","4,392.77",2021-09-28,2021-10-04,1
20210928,Midwest,"286,542.91","212,322.39","116,548.83","61,311.76","20,732.94",0.00,2021-09-28,2021-10-04,1
20210928,Northeast,"183,395.51","19,699.68","6,383.52","1,617.68",0.00,0.00,2021-09-28,2021-10-04,1
20210928,South,"287,949.46","237,025.84","73,184.42","17,289.70","1,853.24",0.00,2021-09-28,2021-10-04,1
20210928,Southeast,"281,687.82","8,653.77",407.24,0.00,0.00,0.00,2021-09-28,2021-10-04,1
20210928,West,"611,362.97","1,163,703.23","1,065,248.46","895,382.34","622,618.02","218,316.42",2021-09-28,2021-10-04,1
20210921,High Plains,"84,793.99","424,571.04","309,626.38","211,129.36","86,210.94","4,392.77",2021-09-21,2021-09-27,1
20210921,Midwest,"272,328.57","226,536.72","109,363.67","51,999.72","20,163.14",0.00,2021-09-21,2021-09-27,1
20210921,Northeast,"175,083.64","28,011.55","11,833.18","1,617.68",0.00,0.00,2021-09-21,2021-09-27,1
20210921,South,"363,223.75","161,751.55","43,378.03","3,634.17",117.13,0.00,2021-09-21,2021-09-27,1
20210921,Southeast,"270,067.58","20,274.01",565.70,0.00,0.00,0.00,2021-09-21,2021-09-27,1
20210921,West,"615,872.60","1,159,193.60","1,065,778.34","884,811.93","617,917.29","216,856.02",2021-09-21,2021-09-27,1
20210914,High Plains,"105,755.79","403,609.24","302,461.26","213,992.55","95,925.75","5,406.82",2021-09-14,2021-09-20,1
20210914,Midwest,"277,108.16","221,757.14","116,218.12","57,619.79","30,498.95","4,914.92",2021-09-14,2021-09-20,1
20210914,Northeast,"172,921.09","30,174.10","12,357.06","1,617.68",0.00,0.00,2021-09-14,2021-09-20,1
20210914,South,"416,506.07","108,469.23","15,064.45",504.59,0.00,0.00,2021-09-14,2021-09-20,1
20210914,Southeast,"265,609.38","24,732.21",565.70,0.00,0.00,0.00,2021-09-14,2021-09-20,1
20210914,West,"634,541.70","1,140,524.50","1,061,257.25","888,746.74","630,822.88","220,278.37",2021-09-14,2021-09-20,1
20210907,High Plains,"125,088.60","384,276.43","302,143.16","216,022.86","101,331.64","6,805.71",2021-09-07,2021-09-13,1
20210907,Midwest,"316,087.48","182,777.82","118,725.23","57,796.38","30,970.07","4,914.92",2021-09-07,2021-09-13,1
20210907,Northeast,"168,722.37","34,372.82","21,318.85","3,038.80",0.00,0.00,2021-09-07,2021-09-13,1
20210907,South,"465,357.43","59,617.87","5,622.86",504.59,0.00,0.00,2021-09-07,2021-09-13,1
20210907,Southeast,"267,703.35","22,638.24",565.70,0.00,0.00,0.00,2021-09-07,2021-09-13,1
20210907,West,"651,216.28","1,123,849.92","1,058,313.18","884,686.82","631,157.44","221,331.66",2021-09-07,2021-09-13,1
20210831,High Plains,"100,337.29","409,027.74","312,150.36","215,611.06","109,071.43","8,067.71",2021-08-31,2021-09-06,1
20210831,Midwest,"307,806.76","191,058.54","122,397.91","63,246.06","31,837.38","5,719.93",2021-08-31,2021-09-06,1
20210831,Northeast,"156,543.49","46,551.70","24,640.45","3,119.11",0.00,0.00,2021-08-31,2021-09-06,1
20210831,South,"483,561.36","41,413.94","6,681.07",504.59,0.00,0.00,2021-08-31,2021-09-06,1
20210831,Southeast,"275,244.58","15,097.01","1,991.14",0.00,0.00,0.00,2021-08-31,2021-09-06,1
20210831,West,"653,078.60","1,121,987.59","1,069,146.55","904,003.94","637,792.63","228,635.86",2021-08-31,2021-09-06,1
20210824,High Plains,"104,211.98","405,153.05","320,034.31","222,302.01","119,405.76","13,549.33",2021-08-24,2021-08-30,1
20210824,Midwest,"288,907.34","209,957.96","138,895.00","94,536.87","54,333.78","6,810.19",2021-08-24,2021-08-30,1
20210824,Northeast,"157,120.57","45,974.62","21,504.49","3,119.11",0.00,0.00,2021-08-24,2021-08-30,1
20210824,South,"496,419.94","28,555.36","6,226.92",0.00,0.00,0.00,2021-08-24,2021-08-30,1
20210824,Southeast,"274,573.32","15,768.27","2,381.55",0.00,0.00,0.00,2021-08-24,2021-08-30,1
20210824,West,"578,549.25","1,196,516.95","1,068,094.78","909,178.31","643,082.74","235,455.93",2021-08-24,2021-08-30,1
20210817,High Plains,"111,859.32","397,505.71","317,791.72","223,407.23","126,508.20","17,759.10",2021-08-17,2021-08-23,1
20210817,Midwest,"304,447.37","194,417.93","128,305.47","95,913.26","47,891.72","6,810.19",2021-08-17,2021-08-23,1
20210817,Northeast,"141,719.95","61,375.24","22,595.77","3,038.80",0.00,0.00,2021-08-17,2021-08-23,1
20210817,South,"478,525.29","46,450.01","5,073.43",0.00,0.00,0.00,2021-08-17,2021-08-23,1
20210817,Southeast,"265,426.89","24,914.70","5,730.31",0.00,0.00,0.00,2021-08-17,2021-08-23,1
20210817,West,"536,177.44","1,238,888.76","1,101,334.88","923,628.80","682,808.94","259,746.35",2021-08-17,2021-08-23,1
20210810,High Plains,"121,503.29","387,861.74","306,722.94","220,556.05","123,141.96","16,579.74",2021-08-10,2021-08-16,1
20210810,Midwest,"307,098.09","191,767.21","125,082.75","85,424.57","39,634.80","6,215.39",2021-08-10,2021-08-16,1
20210810,Northeast,"140,502.48","62,592.71","22,595.77","3,038.80",0.00,0.00,2021-08-10,2021-08-16,1
20210810,South,"477,985.93","46,989.37","5,723.05",0.00,0.00,0.00,2021-08-10,2021-08-16,1
20210810,Southeast,"257,004.70","33,336.90","5,866.77",0.00,0.00,0.00,2021-08-10,2021-08-16,1
20210810,West,"541,743.26","1,233,322.94","1,099,921.27","955,080.10","683,938.61","256,204.85",2021-08-10,2021-08-16,1
20210803,High Plains,"132,832.75","376,532.28","293,998.64","218,651.57","114,323.15","16,374.68",2021-08-03,2021-08-09,1
20210803,Midwest,"327,166.08","171,699.22","131,029.94","87,761.50","33,518.45",0.00,2021-08-03,2021-08-09,1
20210803,Northeast,"147,035.71","56,059.48","19,462.69","3,038.80",0.00,0.00,2021-08-03,2021-08-09,1
20210803,South,"500,457.81","24,517.49","4,346.72",0.00,0.00,0.00,2021-08-03,2021-08-09,1
20210803,Southeast,"258,808.96","31,532.63","3,620.83",0.00,0.00,0.00,2021-08-03,2021-08-09,1
20210803,West,"522,928.17","1,252,138.03","1,113,996.11","955,931.69","689,941.17","258,460.90",2021-08-03,2021-08-09,1
20210727,High Plains,"143,002.14","366,362.89","292,082.51","219,995.29","111,777.18","23,481.12",2021-07-27,2021-08-02,1
20210727,Midwest,"327,766.35","171,098.95","136,328.10","83,524.84","18,613.69",0.00,2021-07-27,2021-08-02,1
20210727,Northeast,"156,497.21","46,597.97","17,640.54","2,801.89",0.00,0.00,2021-07-27,2021-08-02,1
20210727,South,"501,445.20","23,530.11","3,973.54",0.00,0.00,0.00,2021-07-27,2021-08-02,1
20210727,Southeast,"262,041.68","28,299.91","2,518.09",0.00,0.00,0.00,2021-07-27,2021-08-02,1
20210727,West,"490,395.68","1,284,670.52","1,108,504.96","943,544.37","696,546.74","258,541.42",2021-07-27,2021-08-02,1
20210720,High Plains,"141,519.55","367,845.48","285,468.00","217,315.96","110,002.40","24,957.29",2021-07-20,2021-07-26,1
20210720,Midwest,"320,058.47","178,806.83","137,226.75","79,398.29","15,608.39",0.00,2021-07-20,2021-07-26,1
20210720,Northeast,"156,566.57","46,528.62","22,631.87","3,203.76",0.00,0.00,2021-07-20,2021-07-26,1
20210720,South,"496,452.85","28,522.45","10,086.45",0.00,0.00,0.00,2021-07-20,2021-07-26,1
20210720,Southeast,"261,117.12","29,224.47",952.02,0.00,0.00,0.00,2021-07-20,2021-07-26,1
20210720,West,"480,785.69","1,294,280.51","1,116,414.92","939,477.52","706,002.30","295,053.07",2021-07-20,2021-07-26,1
20210713,High Plains,"132,911.14","376,453.89","279,207.30","211,494.48","97,056.06","24,647.85",2021-07-13,2021-07-19,1
20210713,Midwest,"297,301.87","201,563.42","143,643.35","65,815.49","4,332.01",0.00,2021-07-13,2021-07-19,1
20210713,Northeast,"141,951.36","61,143.83","26,097.04","2,979.28",0.00,0.00,2021-07-13,2021-07-19,1
20210713,South,"491,929.57","33,045.73","15,138.66","3,088.71",0.00,0.00,2021-07-13,2021-07-19,1
20210713,Southeast,"259,912.98","30,428.61",286.69,0.00,0.00,0.00,2021-07-13,2021-07-19,1
20210713,West,"501,814.78","1,273,251.41","1,061,155.57","923,701.75","673,152.72","291,551.60",2021-07-13,2021-07-19,1
20210706,High Plains,"157,907.36","351,457.67","282,477.82","215,931.46","91,717.12","26,573.51",2021-07-06,2021-07-12,1
20210706,Midwest,"271,738.31","227,126.99","154,084.81","60,150.63",997.12,0.00,2021-07-06,2021-07-12,1
20210706,Northeast,"122,669.95","80,425.24","42,699.39","7,134.78",0.00,0.00,2021-07-06,2021-07-12,1
20210706,South,"480,097.21","44,878.09","16,701.50","3,098.24",0.00,0.00,2021-07-06,2021-07-12,1
20210706,Southeast,"240,161.57","50,180.02","3,520.54",0.00,0.00,0.00,2021-07-06,2021-07-12,1
20210706,West,"500,691.65","1,274,374.55","1,051,389.60","909,368.34","630,801.88","276,951.19",2021-07-06,2021-07-12,1
20210629,High Plains,"161,951.18","347,413.85","277,443.67","211,063.45","93,686.26","30,745.03",2021-06-29,2021-07-05,1
20210629,Midwest,"257,735.94","241,129.36","154,231.12","34,771.64",997.12,0.00,2021-06-29,2021-07-05,1
20210629,Northeast,"118,984.55","84,110.63","40,711.39","7,134.78",0.00,0.00,2021-06-29,2021-07-05,1
20210629,South,"462,510.50","62,464.80","25,110.85","15,205.47","3,105.20",0.00,2021-06-29,2021-07-05,1
20210629,Southeast,"230,915.55","59,426.04","4,914.27",0.00,0.00,0.00,2021-06-29,2021-07-05,1
20210629,West,"578,438.73","1,196,627.47","1,045,957.90","896,165.72","626,169.42","279,436.64",2021-06-29,2021-07-05,1
20210622,High Plains,"151,099.07","358,265.96","274,556.91","197,732.75","93,920.13","30,971.40",2021-06-22,2021-06-28,1
20210622,Midwest,"228,992.20","269,873.10","181,500.25","54,490.71",997.12,0.00,2021-06-22,2021-06-28,1
20210622,Northeast,"118,943.35","84,151.84","39,506.54","2,264.31",0.00,0.00,2021-06-22,2021-06-28,1
20210622,South,"442,667.88","82,307.42","37,467.09","20,765.19","11,839.58","3,082.47",2021-06-22,2021-06-28,1
20210622,Southeast,"221,636.64","68,704.95","5,991.70",0.00,0.00,0.00,2021-06-22,2021-06-28,1
20210622,West,"581,184.15","1,193,882.05","1,017,087.21","848,803.58","589,627.85","281,322.95",2021-06-22,2021-06-28,1
20210615,High Plains,"180,097.56","329,267.47","261,493.59","178,832.13","88,424.92","30,758.32",2021-06-15,2021-06-21,1
20210615,Midwest,"226,206.59","272,658.71","168,750.99","55,291.14","2,052.76",0.00,2021-06-15,2021-06-21,1
20210615,Northeast,"119,838.86","83,256.32","28,117.65",0.00,0.00,0.00,2021-06-15,2021-06-21,1
20210615,South,"454,522.34","70,452.97","36,573.74","20,762.27","11,839.58","3,082.47",2021-06-15,2021-06-21,1
20210615,Southeast,"196,217.54","94,124.05","18,014.12",187.45,0.00,0.00,2021-06-15,2021-06-21,1
20210615,West,"591,237.75","1,183,828.45","987,370.94","802,949.81","579,440.58","281,772.33",2021-06-15,2021-06-21,1
20210608,High Plains,"191,102.89","318,262.14","252,224.63","172,027.23","87,377.42","30,758.32",2021-06-08,2021-06-14,1
20210608,Midwest,"223,075.21","275,790.09","136,461.19","29,631.08",0.00,0.00,2021-06-08,2021-06-14,1
20210608,Northeast,"113,978.93","89,116.26","18,919.73",0.00,0.00,0.00,2021-06-08,2021-06-14,1
20210608,South,"447,188.40","77,786.90","37,419.11","21,180.83","11,839.58","3,082.47",2021-06-08,2021-06-14,1
20210608,Southeast,"166,520.05","123,821.54","44,518.10","1,905.21",0.00,0.00,2021-06-08,2021-06-14,1
20210608,West,"595,317.20","1,179,749.00","985,766.90","802,479.46","576,691.93","281,772.33",2021-06-08,2021-06-14,1
20210601,High Plains,"201,121.57","308,243.46","244,413.08","155,333.43","94,532.06","29,568.16",2021-06-01,2021-06-07,1
20210601,Midwest,"290,444.97","208,420.33","89,635.56","13,446.25",0.00,0.00,2021-06-01,2021-06-07,1
20210601,Northeast,"121,313.49","81,781.69","5,751.94",0.00,0.00,0.00,2021-06-01,2021-06-07,1
20210601,South,"419,573.78","105,401.53","55,821.59","29,417.04","17,073.95","6,652.79",2021-06-01,2021-06-07,1
20210601,Southeast,"162,602.01","127,739.58","60,776.02","10,108.90",0.00,0.00,2021-06-01,2021-06-07,1
20210601,West,"567,081.53","1,207,984.67","970,765.64","769,271.29","551,844.61","274,690.98",2021-06-01,2021-06-07,1
20210525,High Plains,"158,868.39","350,496.64","242,795.67","152,427.63","94,532.06","29,568.16",2021-05-25,2021-05-31,1
20210525,Midwest,"287,944.40","210,920.90","88,900.85","9,714.97",0.00,0.00,2021-05-25,2021-05-31,1
20210525,Northeast,"106,452.24","96,642.95","5,751.94",0.00,0.00,0.00,2021-05-25,2021-05-31,1
20210525,South,"394,636.95","130,338.35","72,542.68","42,800.74","24,008.96","13,111.52",2021-05-25,2021-05-31,1
20210525,Southeast,"178,034.97","112,306.63","39,215.61",0.00,0.00,0.00,2021-05-25,2021-05-31,1
20210525,West,"547,135.32","1,227,930.88","971,088.69","763,491.59","552,744.57","282,030.93",2021-05-25,2021-05-31,1
20210518,High Plains,"142,161.99","367,203.04","260,677.62","162,673.31","108,205.12","28,901.17",2021-05-18,2021-05-24,1
20210518,Midwest,"310,822.04","188,043.26","95,108.05","10,220.65",0.00,0.00,2021-05-18,2021-05-24,1
20210518,Northeast,"149,187.12","53,908.07","4,156.97",0.00,0.00,0.00,2021-05-18,2021-05-24,1
20210518,South,"358,330.62","166,644.68","94,434.82","54,639.36","32,238.52","15,728.82",2021-05-18,2021-05-24,1
20210518,Southeast,"218,567.63","71,773.96","14,279.11",0.00,0.00,0.00,2021-05-18,2021-05-24,1
20210518,West,"533,096.43","1,241,969.77","985,319.15","773,576.87","550,094.22","264,503.84",2021-05-18,2021-05-24,1
20210511,High Plains,"99,906.50","409,458.53","301,668.75","170,998.19","110,404.15","17,065.16",2021-05-11,2021-05-17,1
20210511,Midwest,"333,716.32","165,148.98","90,503.28","4,949.27",0.00,0.00,2021-05-11,2021-05-17,1
20210511,Northeast,"151,549.09","51,546.10","4,156.97",0.00,0.00,0.00,2021-05-11,2021-05-17,1
20210511,South,"316,357.83","208,617.48","128,638.86","75,522.40","44,818.45","20,811.19",2021-05-11,2021-05-17,1
20210511,Southeast,"230,972.00","59,369.59","13,521.78",0.00,0.00,0.00,2021-05-11,2021-05-17,1
20210511,West,"524,816.53","1,250,249.67","1,007,873.82","785,860.04","555,918.85","265,952.46",2021-05-11,2021-05-17,1
20210504,High Plains,"89,943.63","419,421.40","307,050.77","191,607.26","113,462.18","17,065.16",2021-05-04,2021-05-10,1
20210504,Midwest,"277,943.22","220,922.08","106,915.62","4,949.27",0.00,0.00,2021-05-04,2021-05-10,1
20210504,Northeast,"86,986.58","116,108.61","18,393.89",0.00,0.00,0.00,2021-05-04,2021-05-10,1
20210504,South,"317,888.37","207,086.93","131,325.98","75,323.26","44,405.86","20,811.19",2021-05-04,2021-05-10,1
20210504,Southeast,"224,398.70","65,942.89","1,481.83",0.00,0.00,0.00,2021-05-04,2021-05-10,1
20210504,West,"513,442.46","1,261,623.74","998,690.86","795,619.59","557,876.12","251,191.75",2021-05-04,2021-05-10,1
20210427,High Plains,"93,460.34","415,904.69","323,558.68","206,635.61","112,712.83","17,372.62",2021-04-27,2021-05-03,1
20210427,Midwest,"259,564.16","239,301.14","96,800.13","4,949.27",0.00,0.00,2021-04-27,2021-05-03,1
20210427,Northeast,"93,220.14","109,875.05","27,508.38",0.00,0.00,0.00,2021-04-27,2021-05-03,1
20210427,South,"253,985.26","270,990.04","186,201.44","104,613.43","65,556.94","25,832.97",2021-04-27,2021-05-03,1
20210427,Southeast,"213,594.48","76,747.11","2,514.73",0.00,0.00,0.00,2021-04-27,2021-05-03,1
20210427,West,"510,709.97","1,264,356.23","994,504.55","767,547.24","514,219.57","251,454.85",2021-04-27,2021-05-03,1
20210420,High Plains,"101,351.75","408,013.28","328,941.83","203,542.05","107,904.50","15,254.90",2021-04-20,2021-04-26,1
20210420,Midwest,"339,043.30","159,822.00","60,420.15","4,949.27",0.00,0.00,2021-04-20,2021-04-26,1
20210420,Northeast,"105,082.69","98,012.50","30,664.51",0.00,0.00,0.00,2021-04-20,2021-04-26,1
20210420,South,"247,661.53","277,313.77","194,277.85","104,431.15","63,861.21","23,725.68",2021-04-20,2021-04-26,1
20210420,Southeast,"219,429.57","70,912.02","1,106.91",0.00,0.00,0.00,2021-04-20,2021-04-26,1
20210420,West,"527,827.50","1,247,238.70","981,059.28","747,181.98","503,296.92","249,745.03",2021-04-20,2021-04-26,1
20210413,High Plains,"100,506.58","408,858.45","328,190.98","213,075.60","120,055.43","15,254.90",2021-04-13,2021-04-19,1
20210413,Midwest,"344,197.74","154,667.56","34,912.34","5,079.33",0.00,0.00,2021-04-13,2021-04-19,1
20210413,Northeast,"106,142.79","96,952.40","30,664.51",0.00,0.00,0.00,2021-04-13,2021-04-19,1
20210413,South,"229,438.89","295,536.41","217,410.60","110,969.29","64,463.97","22,608.79",2021-04-13,2021-04-19,1
20210413,Southeast,"256,308.32","34,033.27","4,558.36",0.00,0.00,0.00,2021-04-13,2021-04-19,1
20210413,West,"563,179.49","1,211,886.71","927,744.57","722,204.85","494,157.12","249,745.03",2021-04-13,2021-04-19,1
20210406,High Plains,"95,353.15","414,011.88","326,408.44","214,314.05","112,615.17","15,254.90",2021-04-06,2021-04-12,1
20210406,Midwest,"262,710.18","236,155.12","53,959.12","6,979.70","1,157.06",0.00,2021-04-06,2021-04-12,1
20210406,Northeast,"121,588.74","81,506.45","20,867.62",0.00,0.00,0.00,2021-04-06,2021-04-12,1
20210406,South,"230,565.64","294,409.66","214,248.77","106,144.77","62,551.45","22,608.79",2021-04-06,2021-04-12,1
20210406,Southeast,"251,655.96","38,685.63","4,558.36",0.00,0.00,0.00,2021-04-06,2021-04-12,1
20210406,West,"533,365.22","1,241,700.98","901,963.30","705,710.14","483,952.35","245,627.97",2021-04-06,2021-04-12,1
20210330,High Plains,"96,055.87","413,309.16","325,025.07","207,178.88","91,128.92","15,254.90",2021-03-30,2021-04-05,1
20210330,Midwest,"265,166.46","233,698.84","57,616.76","5,235.42","1,062.23",0.00,2021-03-30,2021-04-05,1
20210330,Northeast,"127,873.25","75,221.94","17,651.01",0.00,0.00,0.00,2021-03-30,2021-04-05,1
20210330,South,"245,389.11","279,586.19","192,860.90","93,210.23","54,096.26","18,167.04",2021-03-30,2021-04-05,1
20210330,Southeast,"250,856.28","39,485.31","1,473.01",0.00,0.00,0.00,2021-03-30,2021-04-05,1
20210330,West,"506,462.23","1,268,603.97","892,239.22","694,940.93","467,200.68","243,923.46",2021-03-30,2021-04-05,1
20210323,High Plains,"92,421.02","416,944.01","325,343.20","207,633.96","71,801.71","15,723.06",2021-03-23,2021-03-29,1
20210323,Midwest,"241,082.62","257,782.68","63,547.85","5,653.82","1,062.23",0.00,2021-03-23,2021-03-29,1
20210323,Northeast,"142,183.12","60,912.06","9,624.27",0.00,0.00,0.00,2021-03-23,2021-03-29,1
20210323,South,"232,000.13","292,975.17","193,096.54","98,346.89","54,189.09","18,327.75",2021-03-23,2021-03-29,1
20210323,Southeast,"238,792.58","51,549.01",967.59,0.00,0.00,0.00,2021-03-23,2021-03-29,1
20210323,West,"522,035.20","1,253,031.00","883,782.47","695,807.80","468,471.55","244,512.55",2021-03-23,2021-03-29,1
20210316,High Plains,"62,954.72","446,410.31","335,328.34","222,222.55","71,503.38","15,723.06",2021-03-16,2021-03-22,1
20210316,Midwest,"239,772.33","259,092.97","54,837.63","5,414.14","1,062.23",0.00,2021-03-16,2021-03-22,1
20210316,Northeast,"151,241.58","51,853.61","7,916.43",0.00,0.00,0.00,2021-03-16,2021-03-22,1
20210316,South,"213,474.75","311,500.55","206,640.21","100,992.59","49,424.64","16,554.11",2021-03-16,2021-03-22,1
20210316,Southeast,"237,436.64","52,904.95","4,121.27",0.00,0.00,0.00,2021-03-16,2021-03-22,1
20210316,West,"512,497.57","1,262,568.63","889,260.15","695,616.30","471,342.81","240,988.26",2021-03-16,2021-03-22,1
20210309,High Plains,"25,017.82","484,347.21","427,650.26","279,781.62","95,395.07","16,552.78",2021-03-09,2021-03-15,1
20210309,Midwest,"234,130.60","264,734.69","57,816.93","6,185.86","1,647.50",0.00,2021-03-09,2021-03-15,1
20210309,Northeast,"154,795.44","48,299.75","7,916.43",0.00,0.00,0.00,2021-03-09,2021-03-15,1
20210309,South,"217,576.96","307,398.34","186,335.22","89,308.88","49,037.15","16,187.68",2021-03-09,2021-03-15,1
20210309,Southeast,"249,257.59","41,084.00","4,681.67",0.00,0.00,0.00,2021-03-09,2021-03-15,1
20210309,West,"515,096.29","1,259,969.91","908,982.68","726,033.22","491,214.66","241,817.98",2021-03-09,2021-03-15,1
20210302,High Plains,"37,686.06","471,678.97","420,726.50","269,857.45","95,591.68","16,552.78",2021-03-02,2021-03-08,1
20210302,Midwest,"295,197.72","203,667.58","54,016.26","6,185.86","1,647.50",0.00,2021-03-02,2021-03-08,1
20210302,Northeast,"166,220.52","36,874.67","7,916.43",0.00,0.00,0.00,2021-03-02,2021-03-08,1
20210302,South,"266,007.28","258,968.02","158,155.41","83,614.89","45,974.23","13,271.17",2021-03-02,2021-03-08,1
20210302,Southeast,"262,545.01","27,796.58","4,681.67",0.00,0.00,0.00,2021-03-02,2021-03-08,1
20210302,West,"593,555.47","1,181,510.73","948,616.62","721,533.20","495,779.31","242,251.44",2021-03-02,2021-03-08,1
20210223,High Plains,"37,782.06","471,582.97","419,650.40","270,271.20","97,996.97","16,552.78",2021-02-23,2021-03-01,1
20210223,Midwest,"286,565.56","212,299.74","43,072.61","5,907.32","1,647.50",0.00,2021-02-23,2021-03-01,1
20210223,Northeast,"166,220.52","36,874.67","7,916.43",0.00,0.00,0.00,2021-02-23,2021-03-01,1
20210223,South,"248,453.94","276,521.36","153,477.13","78,140.32","43,346.14","11,334.45",2021-02-23,2021-03-01,1
20210223,Southeast,"264,257.96","26,083.63","2,116.07",0.00,0.00,0.00,2021-02-23,2021-03-01,1
20210223,West,"566,874.06","1,208,192.14","936,893.11","725,872.48","499,726.90","242,360.50",2021-02-23,2021-03-01,1
20210216,High Plains,"37,782.06","471,582.97","419,633.14","242,789.38","102,239.83","18,514.07",2021-02-16,2021-02-22,1
20210216,Midwest,"286,565.56","212,299.74","44,702.22","7,216.89","1,998.45",0.00,2021-02-16,2021-02-22,1
20210216,Northeast,"166,220.52","36,874.67","7,916.43",0.00,0.00,0.00,2021-02-16,2021-02-22,1
20210216,South,"248,642.61","276,332.69","136,703.74","78,008.60","42,292.86","13,836.29",2021-02-16,2021-02-22,1
20210216,Southeast,"248,615.58","41,726.01","3,020.93",0.00,0.00,0.00,2021-02-16,2021-02-22,1
20210216,West,"565,371.64","1,209,694.56","941,341.43","735,723.08","511,190.56","230,990.92",2021-02-16,2021-02-22,1
20210209,High Plains,"35,268.61","474,096.43","425,523.94","262,872.51","129,771.75","25,817.51",2021-02-09,2021-02-15,1
20210209,Midwest,"314,986.92","183,878.37","47,137.23","9,112.85","1,998.45",0.00,2021-02-09,2021-02-15,1
20210209,Northeast,"166,220.52","36,874.67","7,916.43",0.00,0.00,0.00,2021-02-09,2021-02-15,1
20210209,South,"226,596.84","298,378.46","145,737.10","83,593.78","48,318.65","14,742.16",2021-02-09,2021-02-15,1
20210209,Southeast,"240,093.70","50,247.89","5,293.43",0.00,0.00,0.00,2021-02-09,2021-02-15,1
20210209,West,"563,213.13","1,211,853.06","944,119.87","746,028.36","533,932.97","249,734.07",2021-02-09,2021-02-15,1
20210202,High Plains,"35,268.61","474,096.43","425,526.30","264,020.13","131,852.54","25,817.51",2021-02-02,2021-02-08,1
20210202,Midwest,"310,946.60","187,918.70","49,037.27","9,112.85","1,998.45",0.00,2021-02-02,2021-02-08,1
20210202,Northeast,"165,542.96","37,552.22","9,349.12",0.00,0.00,0.00,2021-02-02,2021-02-08,1
20210202,South,"258,001.07","266,974.23","137,295.51","79,506.24","46,500.84","14,503.18",2021-02-02,2021-02-08,1
20210202,Southeast,"226,712.67","63,628.92","3,472.53",0.00,0.00,0.00,2021-02-02,2021-02-08,1
20210202,West,"554,230.36","1,220,835.84","946,485.67","756,223.48","536,086.03","249,481.25",2021-02-02,2021-02-08,1
20210126,High Plains,"33,895.44","475,469.60","436,819.74","263,532.17","129,937.38","25,938.08",2021-01-26,2021-02-01,1
20210126,Midwest,"297,941.18","200,924.12","54,025.12","9,524.21","1,998.45",0.00,2021-01-26,2021-02-01,1
20210126,Northeast,"161,748.63","41,346.56","9,349.12",0.00,0.00,0.00,2021-01-26,2021-02-01,1
20210126,South,"288,022.32","236,952.98","131,509.74","77,662.75","44,816.86","13,987.37",2021-01-26,2021-02-01,1
20210126,Southeast,"251,576.27","38,765.32","1,106.04",0.00,0.00,0.00,2021-01-26,2021-02-01,1
20210126,West,"599,902.34","1,175,163.86","944,942.86","788,505.32","559,389.02","255,532.53",2021-01-26,2021-02-01,1
20210119,High Plains,"26,802.59","482,562.44","419,367.70","252,999.01","130,468.26","29,082.37",2021-01-19,2021-01-25,1
20210119,Midwest,"283,445.58","215,419.72","54,729.84","10,924.70","1,998.45",0.00,2021-01-19,2021-01-25,1
20210119,Northeast,"160,779.72","42,315.47","7,782.30",0.00,0.00,0.00,2021-01-19,2021-01-25,1
20210119,South,"257,609.94","267,365.36","141,161.97","91,519.99","53,143.76","16,112.70",2021-01-19,2021-01-25,1
20210119,Southeast,"262,319.61","28,021.98",157.40,0.00,0.00,0.00,2021-01-19,2021-01-25,1
20210119,West,"607,711.05","1,167,355.15","922,963.12","768,429.35","555,893.06","265,446.70",2021-01-19,2021-01-25,1
20210112,High Plains,"25,742.08","483,622.95","416,246.89","255,698.88","130,494.66","29,082.37",2021-01-12,2021-01-18,1
20210112,Midwest,"296,040.32","202,824.98","54,729.84","10,924.70","2,268.27",0.00,2021-01-12,2021-01-18,1
20210112,Northeast,"159,813.79","43,281.40","7,782.30",0.00,0.00,0.00,2021-01-12,2021-01-18,1
20210112,South,"286,788.40","238,186.90","137,818.71","89,379.29","49,934.84","15,825.85",2021-01-12,2021-01-18,1
20210112,Southeast,"272,934.47","17,407.12",157.40,0.00,0.00,0.00,2021-01-12,2021-01-18,1
20210112,West,"608,672.27","1,166,393.93","924,324.18","769,806.83","555,884.32","262,600.63",2021-01-12,2021-01-18,1
20210105,High Plains,"24,014.28","485,350.75","412,970.69","258,568.65","133,144.53","29,090.54",2021-01-05,2021-01-11,1
20210105,Midwest,"313,590.70","185,274.60","54,928.27","10,924.70","2,268.27",0.00,2021-01-05,2021-01-11,1
20210105,Northeast,"161,462.46","41,632.73","7,378.01",0.00,0.00,0.00,2021-01-05,2021-01-11,1
20210105,South,"247,586.99","277,388.31","165,211.50","104,132.69","52,036.07","21,739.09",2021-01-05,2021-01-11,1
20210105,Southeast,"274,117.67","16,223.92",113.87,0.00,0.00,0.00,2021-01-05,2021-01-11,1
20210105,West,"677,476.24","1,097,589.96","926,735.15","766,758.01","551,841.96","262,914.39",2021-01-05,2021-01-11,1
20201229,High Plains,"19,469.46","489,895.57","420,024.13","256,499.72","137,969.48","29,090.54",2020-12-29,2021-01-04,1
20201229,Midwest,"279,606.61","219,258.69","61,671.11","11,279.32","2,268.27",0.00,2020-12-29,2021-01-04,1
20201229,Northeast,"157,605.43","45,489.76","7,378.01",0.00,0.00,0.00,2020-12-29,2021-01-04,1
20201229,South,"167,690.03","357,285.27","241,352.08","138,868.38","80,799.17","34,544.07",2020-12-29,2021-01-04,1
20201229,Southeast,"255,409.72","34,931.88",113.87,0.00,0.00,0.00,2020-12-29,2021-01-04,1
20201229,West,"673,960.50","1,101,105.70","933,922.08","773,794.97","551,591.76","262,914.39",2020-12-29,2021-01-04,1
20201222,High Plains,"19,469.46","489,895.57","418,301.67","256,499.72","137,969.48","29,090.54",2020-12-22,2020-12-28,1
20201222,Midwest,"290,070.99","208,794.31","57,649.69","11,279.32","2,268.27",0.00,2020-12-22,2020-12-28,1
20201222,Northeast,"122,513.80","80,581.39","34,274.87",0.00,0.00,0.00,2020-12-22,2020-12-28,1
20201222,South,"184,785.79","340,189.51","241,537.69","138,364.35","79,253.92","34,544.07",2020-12-22,2020-12-28,1
20201222,Southeast,"244,455.47","45,886.12",113.87,0.00,0.00,0.00,2020-12-22,2020-12-28,1
20201222,West,"673,989.03","1,101,077.17","930,229.75","773,794.97","553,224.37","262,914.39",2020-12-22,2020-12-28,1
20201215,High Plains,"19,469.46","489,895.57","418,301.67","256,499.72","137,969.48","29,090.54",2020-12-15,2020-12-21,1
20201215,Midwest,"301,739.51","197,125.79","57,649.69","11,279.32","2,268.27",0.00,2020-12-15,2020-12-21,1
20201215,Northeast,"122,513.80","80,581.39","34,274.87",894.87,0.00,0.00,2020-12-15,2020-12-21,1
20201215,South,"179,194.63","345,780.68","233,460.28","134,272.37","73,630.88","34,544.07",2020-12-15,2020-12-21,1
20201215,Southeast,"241,009.66","49,331.94",0.00,0.00,0.00,0.00,2020-12-15,2020-12-21,1
20201215,West,"658,304.79","1,116,761.41","930,754.18","774,207.97","553,389.41","262,914.39",2020-12-15,2020-12-21,1
20201208,High Plains,"15,986.36","493,378.67","418,840.31","258,561.59","137,969.48","29,090.54",2020-12-08,2020-12-14,1
20201208,Midwest,"306,478.58","192,386.72","46,935.38","11,279.32","2,268.27",0.00,2020-12-08,2020-12-14,1
20201208,Northeast,"110,134.07","92,961.12","29,958.78",894.87,0.00,0.00,2020-12-08,2020-12-14,1
20201208,South,"163,654.35","361,320.95","239,143.92","125,235.44","67,733.22","34,544.07",2020-12-08,2020-12-14,1
20201208,Southeast,"256,318.88","34,022.71",0.00,0.00,0.00,0.00,2020-12-08,2020-12-14,1
20201208,West,"656,408.10","1,118,658.09","932,805.97","763,758.70","531,287.14","263,097.66",2020-12-08,2020-12-14,1
20201201,High Plains,"16,267.82","493,097.21","411,098.52","253,592.09","136,422.26","28,166.87",2020-12-01,2020-12-07,1
20201201,Midwest,"318,202.69","180,662.61","45,123.25","11,084.02","2,268.27",0.00,2020-12-01,2020-12-07,1
20201201,Northeast,"93,243.86","109,851.33","42,789.81","3,504.80",866.43,0.00,2020-12-01,2020-12-07,1
20201201,South,"174,453.91","350,521.40","239,302.55","120,957.37","65,895.22","34,544.07",2020-12-01,2020-12-07,1
20201201,Southeast,"259,689.52","30,652.07",0.00,0.00,0.00,0.00,2020-12-01,2020-12-07,1
20201201,West,"664,201.72","1,110,864.48","897,597.12","723,045.25","530,029.47","262,173.99",2020-12-01,2020-12-07,1
20201124,High Plains,"20,620.34","488,744.69","388,187.67","252,994.47","131,114.95","28,697.90",2020-11-24,2020-11-30,1
20201124,Midwest,"337,119.34","161,745.96","47,432.11","11,089.54","2,268.27",0.00,2020-11-24,2020-11-30,1
20201124,Northeast,"88,955.94","114,139.25","67,824.55","8,207.28","1,521.65",0.00,2020-11-24,2020-11-30,1
20201124,South,"158,830.30","366,145.00","251,505.62","121,413.00","58,149.88","25,294.41",2020-11-24,2020-11-30,1
20201124,Southeast,"250,586.73","39,754.86",0.00,0.00,0.00,0.00,2020-11-24,2020-11-30,1
20201124,West,"651,107.52","1,123,958.68","898,567.16","722,902.07","523,139.92","231,085.36",2020-11-24,2020-11-30,1
20201117,High Plains,"20,285.30","489,079.73","380,750.04","241,724.19","115,035.98","28,697.90",2020-11-17,2020-11-23,1
20201117,Midwest,"331,341.41","167,523.89","47,025.34","11,084.02","2,268.27",0.00,2020-11-17,2020-11-23,1
20201117,Northeast,"82,506.37","120,588.82","69,103.96","9,150.98","1,521.65",0.00,2020-11-17,2020-11-23,1
20201117,South,"210,474.32","314,500.98","216,191.36","110,894.82","55,375.84","24,138.66",2020-11-17,2020-11-23,1
20201117,Southeast,"277,420.47","12,921.13",0.00,0.00,0.00,0.00,2020-11-17,2020-11-23,1
20201117,West,"667,974.05","1,107,092.14","902,568.96","708,077.87","494,574.17","145,874.77",2020-11-17,2020-11-23,1
20201110,High Plains,"22,823.28","486,541.75","369,313.63","238,519.40","114,455.13","26,015.78",2020-11-10,2020-11-16,1
20201110,Midwest,"312,281.96","186,583.34","55,222.51","11,932.02","2,375.38",0.00,2020-11-10,2020-11-16,1
20201110,Northeast,"78,350.08","124,745.11","76,108.13","12,626.96","1,194.27",0.00,2020-11-10,2020-11-16,1
20201110,South,"267,619.64","257,355.66","158,197.19","84,947.95","52,267.17","22,821.74",2020-11-10,2020-11-16,1
20201110,Southeast,"279,540.28","10,801.31",0.00,0.00,0.00,0.00,2020-11-10,2020-11-16,1
20201110,West,"633,205.64","1,141,860.56","921,692.53","712,548.83","497,693.08","99,254.51",2020-11-10,2020-11-16,1
20201103,High Plains,"22,858.87","486,506.16","368,320.80","239,224.56","114,741.13","25,747.43",2020-11-03,2020-11-09,1
20201103,Midwest,"329,984.60","168,880.70","51,288.14","17,974.83","2,375.38",0.00,2020-11-03,2020-11-09,1
20201103,Northeast,"78,897.61","124,197.58","75,379.14","12,626.96","1,194.27",0.00,2020-11-03,2020-11-09,1
20201103,South,"324,933.76","200,041.55","128,131.26","69,906.61","36,912.51","10,419.37",2020-11-03,2020-11-09,1
20201103,Southeast,"279,790.45","10,551.14",0.00,0.00,0.00,0.00,2020-11-03,2020-11-09,1
20201103,West,"619,737.76","1,155,328.43","932,974.91","684,843.99","481,394.81","75,340.75",2020-11-03,2020-11-09,1
20201027,High Plains,"8,883.84","500,481.19","363,006.07","241,138.75","116,649.65","22,721.27",2020-10-27,2020-11-02,1
20201027,Midwest,"319,564.34","179,300.96","59,165.20","20,134.21","2,375.38",0.00,2020-10-27,2020-11-02,1
20201027,Northeast,"58,753.15","144,342.04","95,778.85","22,151.26","4,042.42",0.00,2020-10-27,2020-11-02,1
20201027,South,"316,033.69","208,941.61","136,861.84","85,871.14","40,760.86","12,509.39",2020-10-27,2020-11-02,1
20201027,Southeast,"277,385.87","12,955.73",0.00,0.00,0.00,0.00,2020-10-27,2020-11-02,1
20201027,West,"607,609.32","1,167,456.88","930,213.61","687,458.47","482,511.20","72,347.51",2020-10-27,2020-11-02,1
20201020,High Plains,"8,913.53","500,451.50","367,701.28","229,713.23","120,393.35","22,721.27",2020-10-20,2020-10-26,1
20201020,Midwest,"267,332.02","231,533.28","77,648.92","26,062.01","4,668.23",0.00,2020-10-20,2020-10-26,1
20201020,Northeast,"59,394.79","143,700.40","101,626.56","21,658.17","4,042.42",0.00,2020-10-20,2020-10-26,1
20201020,South,"330,500.57","194,474.73","133,778.08","80,356.88","40,824.73","12,509.39",2020-10-20,2020-10-26,1
20201020,Southeast,"281,535.39","8,806.21",0.00,0.00,0.00,0.00,2020-10-20,2020-10-26,1
20201020,West,"581,270.96","1,193,795.24","934,335.07","689,690.02","485,243.80","72,347.51",2020-10-20,2020-10-26,1
20201013,High Plains,"8,913.53","500,451.50","343,295.09","221,282.85","98,847.31","17,408.52",2020-10-13,2020-10-19,1
20201013,Midwest,"271,133.09","227,732.21","84,207.09","24,444.42","3,793.51",0.00,2020-10-13,2020-10-19,1
20201013,Northeast,"66,561.50","136,533.69","100,176.62","49,856.92","11,816.83",0.00,2020-10-13,2020-10-19,1
20201013,South,"350,834.97","174,140.33","119,868.06","73,770.42","38,027.25","8,731.79",2020-10-13,2020-10-19,1
20201013,Southeast,"285,637.68","4,703.91",0.00,0.00,0.00,0.00,2020-10-13,2020-10-19,1
20201013,West,"580,126.75","1,194,939.44","958,251.88","689,116.30","441,788.66","53,392.82",2020-10-13,2020-10-19,1
20201006,High Plains,"32,781.07","476,583.96","330,444.14","208,658.57","92,971.85","17,408.52",2020-10-06,2020-10-12,1
20201006,Midwest,"283,359.23","215,506.07","66,511.95","24,393.88","3,924.34",0.00,2020-10-06,2020-10-12,1
20201006,Northeast,"66,561.50","136,533.69","100,176.62","55,315.40","11,816.83",0.00,2020-10-06,2020-10-12,1
20201006,South,"360,768.92","164,206.38","104,401.28","68,125.40","36,729.93","8,731.79",2020-10-06,2020-10-12,1
20201006,Southeast,"284,507.82","5,833.77",0.00,0.00,0.00,0.00,2020-10-06,2020-10-12,1
20201006,West,"593,500.92","1,181,565.27","926,496.00","667,745.71","417,632.80","53,392.82",2020-10-06,2020-10-12,1
20200929,High Plains,"34,259.63","475,105.41","316,355.57","186,224.47","82,323.47","2,748.46",2020-09-29,2020-10-05,1
20200929,Midwest,"290,284.91","208,580.39","55,305.43","15,040.45",0.00,0.00,2020-09-29,2020-10-05,1
20200929,Northeast,"60,603.19","142,492.00","92,030.10","53,339.56","7,904.10",0.00,2020-09-29,2020-10-05,1
20200929,South,"377,072.41","147,902.89","97,451.95","63,818.09","32,940.76","8,731.79",2020-09-29,2020-10-05,1
20200929,Southeast,"287,350.47","2,991.12",0.00,0.00,0.00,0.00,2020-09-29,2020-10-05,1
20200929,West,"555,323.35","1,219,742.85","909,423.81","647,893.25","392,869.76","27,398.86",2020-09-29,2020-10-05,1
20200922,High Plains,"96,909.09","412,455.94","275,694.15","175,410.35","76,678.09",398.78,2020-09-22,2020-09-28,1
20200922,Midwest,"332,456.33","166,408.97","50,691.93","14,546.67",0.00,0.00,2020-09-22,2020-09-28,1
20200922,Northeast,"85,566.21","117,528.97","74,478.31","44,497.85","5,481.71",0.00,2020-09-22,2020-09-28,1
20200922,South,"362,826.30","162,149.00","98,247.03","57,644.94","26,882.02","2,056.65",2020-09-22,2020-09-28,1
20200922,Southeast,"284,430.46","5,911.13",0.00,0.00,0.00,0.00,2020-09-22,2020-09-28,1
20200922,West,"501,616.40","1,273,449.79","883,537.77","627,812.55","346,578.14","15,358.47",2020-09-22,2020-09-28,1
20200915,High Plains,"124,912.49","384,452.54","266,994.23","167,849.51","71,977.85",398.78,2020-09-15,2020-09-21,1
20200915,Midwest,"341,228.68","157,636.62","47,532.48","13,970.15",0.00,0.00,2020-09-15,2020-09-21,1
20200915,Northeast,"94,709.57","108,385.62","69,806.26","31,012.86","2,665.92",0.00,2020-09-15,2020-09-21,1
20200915,South,"349,374.97","175,600.34","104,177.93","64,890.31","26,882.02","2,056.65",2020-09-15,2020-09-21,1
20200915,Southeast,"270,524.02","19,817.57",0.00,0.00,0.00,0.00,2020-09-15,2020-09-21,1
20200915,West,"517,500.50","1,257,565.70","866,519.36","617,726.67","316,528.36","10,747.55",2020-09-15,2020-09-21,1
20200908,High Plains,"115,348.98","394,016.05","269,581.91","169,571.31","79,803.70",398.78,2020-09-08,2020-09-14,1
20200908,Midwest,"329,375.00","169,490.30","69,737.05","22,472.79","8,268.41",0.00,2020-09-08,2020-09-14,1
20200908,Northeast,"97,195.42","105,899.77","64,927.66","20,289.86",0.00,0.00,2020-09-08,2020-09-14,1
20200908,South,"329,200.52","195,774.78","122,806.06","76,887.41","37,878.80","1,960.47",2020-09-08,2020-09-14,1
20200908,Southeast,"269,630.09","20,711.50",0.00,0.00,0.00,0.00,2020-09-08,2020-09-14,1
20200908,West,"559,783.37","1,215,282.83","824,754.53","610,605.79","303,745.86","2,948.99",2020-09-08,2020-09-14,1
20200901,High Plains,"117,716.83","391,648.20","258,896.87","156,852.20","48,989.90",398.78,2020-09-01,2020-09-07,1
20200901,Midwest,"318,556.96","180,308.34","82,173.66","21,502.13","8,251.48",0.00,2020-09-01,2020-09-07,1
20200901,Northeast,"93,538.34","109,556.84","56,759.78","18,738.49",0.00,0.00,2020-09-01,2020-09-07,1
20200901,South,"301,761.69","223,213.61","160,554.34","95,472.15","35,880.18","2,602.40",2020-09-01,2020-09-07,1
20200901,Southeast,"282,437.51","7,904.08",0.00,0.00,0.00,0.00,2020-09-01,2020-09-07,1
20200901,West,"558,965.48","1,216,100.72","814,258.83","587,387.99","213,835.26",398.78,2020-09-01,2020-09-07,1
20200825,High Plains,"129,301.13","380,063.90","252,949.77","151,960.45","43,371.98",398.78,2020-08-25,2020-08-31,1
20200825,Midwest,"302,705.37","196,159.93","62,774.88","17,025.00","3,671.37",0.00,2020-08-25,2020-08-31,1
20200825,Northeast,"80,867.53","122,227.66","75,491.37","19,714.59",0.00,0.00,2020-08-25,2020-08-31,1
20200825,South,"288,817.68","236,157.62","166,429.14","97,408.84","33,392.87","1,960.47",2020-08-25,2020-08-31,1
20200825,Southeast,"281,235.05","9,106.54",0.00,0.00,0.00,0.00,2020-08-25,2020-08-31,1
20200825,West,"724,941.63","1,050,124.57","799,729.81","570,543.49","200,199.73",398.78,2020-08-25,2020-08-31,1
20200818,High Plains,"155,840.90","353,524.13","241,660.00","126,313.83","33,779.70",0.00,2020-08-18,2020-08-24,1
20200818,Midwest,"356,762.57","142,102.72","42,711.09","13,191.73","3,470.34",0.00,2020-08-18,2020-08-24,1
20200818,Northeast,"86,582.93","116,512.26","70,453.37","19,016.47",0.00,0.00,2020-08-18,2020-08-24,1
20200818,South,"308,014.82","216,960.49","139,705.78","70,915.56","21,038.04",876.98,2020-08-18,2020-08-24,1
20200818,Southeast,"263,098.25","27,243.35","2,292.58",0.00,0.00,0.00,2020-08-18,2020-08-24,1
20200818,West,"763,502.69","1,011,563.50","778,324.57","485,564.04","107,927.68",0.00,2020-08-18,2020-08-24,1
20200811,High Plains,"163,063.61","346,301.42","234,849.94","111,933.07","29,974.71",0.00,2020-08-11,2020-08-17,1
20200811,Midwest,"365,206.45","133,658.85","35,317.05","10,507.17","3,470.34",0.00,2020-08-11,2020-08-17,1
20200811,Northeast,"87,085.40","116,009.79","55,905.09","5,012.25",0.00,0.00,2020-08-11,2020-08-17,1
20200811,South,"291,336.49","233,638.81","119,792.37","53,405.32","12,931.09",0.00,2020-08-11,2020-08-17,1
20200811,Southeast,"248,201.29","42,140.30","1,105.20",0.00,0.00,0.00,2020-08-11,2020-08-17,1
20200811,West,"813,284.70","961,781.50","758,147.75","398,913.23","98,921.41",0.00,2020-08-11,2020-08-17,1
20200804,High Plains,"168,342.95","341,022.08","219,448.92","104,590.19","33,085.93",0.00,2020-08-04,2020-08-10,1
20200804,Midwest,"330,103.53","168,761.77","39,703.08","8,831.24","3,470.34",0.00,2020-08-04,2020-08-10,1
20200804,Northeast,"71,434.54","131,660.65","59,588.28","3,483.27",0.00,0.00,2020-08-04,2020-08-10,1
20200804,South,"315,240.61","209,734.70","101,484.49","47,554.14","8,396.04",0.00,2020-08-04,2020-08-10,1
20200804,Southeast,"236,372.00","53,969.59","2,506.82",0.00,0.00,0.00,2020-08-04,2020-08-10,1
20200804,West,"816,530.74","958,535.46","742,722.06","387,432.00","82,843.60",0.00,2020-08-04,2020-08-10,1
20200728,High Plains,"162,127.94","347,237.09","214,689.99","102,758.28","33,079.35",0.00,2020-07-28,2020-08-03,1
20200728,Midwest,"312,802.30","186,063.00","57,170.40","7,218.17",0.00,0.00,2020-07-28,2020-08-03,1
20200728,Northeast,"58,754.01","144,341.18","58,175.17","3,483.27",0.00,0.00,2020-07-28,2020-08-03,1
20200728,South,"284,938.64","240,036.66","109,700.19","46,918.26","9,869.48",0.00,2020-07-28,2020-08-03,1
20200728,Southeast,"216,086.10","74,255.49","5,373.38",594.17,0.00,0.00,2020-07-28,2020-08-03,1
20200728,West,"856,997.72","918,068.48","696,366.60","358,524.63","77,565.65",0.00,2020-07-28,2020-08-03,1
20200721,High Plains,"146,752.20","362,612.83","197,029.48","84,522.76","36,376.78",0.00,2020-07-21,2020-07-27,1
20200721,Midwest,"319,192.15","179,673.15","57,516.77","5,094.00",0.00,0.00,2020-07-21,2020-07-27,1
20200721,Northeast,"61,178.28","141,916.90","52,790.18","3,483.27",0.00,0.00,2020-07-21,2020-07-27,1
20200721,South,"273,903.35","251,071.95","125,932.20","44,776.24","9,601.17",0.00,2020-07-21,2020-07-27,1
20200721,Southeast,"243,519.17","46,822.42","4,368.99",824.50,0.00,0.00,2020-07-21,2020-07-27,1
20200721,West,"861,312.47","913,753.73","641,139.00","308,976.74","66,608.11",0.00,2020-07-21,2020-07-27,1
20200714,High Plains,"138,868.35","370,496.68","175,190.75","75,988.41","40,833.20",0.00,2020-07-14,2020-07-20,1
20200714,Midwest,"314,242.50","184,622.80","38,329.79","7,052.28",0.00,0.00,2020-07-14,2020-07-20,1
20200714,Northeast,"65,841.94","137,253.25","49,965.98","3,482.42",0.00,0.00,2020-07-14,2020-07-20,1
20200714,South,"319,569.68","205,405.62","115,850.98","43,620.85","10,110.52",0.00,2020-07-14,2020-07-20,1
20200714,Southeast,"280,262.90","10,078.70","1,997.57","1,075.18",0.00,0.00,2020-07-14,2020-07-20,1
20200714,West,"922,797.18","852,269.01","568,821.17","284,629.22","70,090.43",0.00,2020-07-14,2020-07-20,1
20200707,High Plains,"167,535.60","341,829.43","182,482.23","71,264.98","37,638.69",0.00,2020-07-07,2020-07-13,1
20200707,Midwest,"354,756.05","144,109.25","27,493.07","5,020.51",0.00,0.00,2020-07-07,2020-07-13,1
20200707,Northeast,"45,769.21","157,325.98","52,969.96","4,079.54",0.00,0.00,2020-07-07,2020-07-13,1
20200707,South,"331,550.68","193,424.62","101,798.65","37,426.84","8,517.10",0.00,2020-07-07,2020-07-13,1
20200707,Southeast,"285,607.20","4,734.39","1,972.28","1,105.39",0.00,0.00,2020-07-07,2020-07-13,1
20200707,West,"959,125.04","815,941.16","531,253.13","275,765.16","59,953.45",0.00,2020-07-07,2020-07-13,1
20200630,High Plains,"175,261.72","334,103.31","202,200.35","67,718.42","40,239.75","2,200.11",2020-06-30,2020-07-06,1
20200630,Midwest,"383,052.37","115,812.93","17,665.41",0.00,0.00,0.00,2020-06-30,2020-07-06,1
20200630,Northeast,"110,558.26","92,536.93","28,904.39",0.00,0.00,0.00,2020-06-30,2020-07-06,1
20200630,South,"316,717.56","208,257.74","104,251.71","36,203.42","10,723.97",71.05,2020-06-30,2020-07-06,1
20200630,Southeast,"281,619.68","8,721.91","1,877.92",768.63,0.00,0.00,2020-06-30,2020-07-06,1
20200630,West,"1,001,228.46","773,837.74","538,091.01","272,153.93","59,348.52","1,424.75",2020-06-30,2020-07-06,1
20200623,High Plains,"192,511.11","316,853.92","204,244.82","68,718.94","38,555.14",0.00,2020-06-23,2020-06-29,1
20200623,Midwest,"378,291.78","120,573.52","14,460.64",0.00,0.00,0.00,2020-06-23,2020-06-29,1
20200623,Northeast,"117,359.47","85,735.72","32,816.76",0.00,0.00,0.00,2020-06-23,2020-06-29,1
20200623,South,"338,688.52","186,286.78","90,099.61","34,067.62","6,645.11",0.00,2020-06-23,2020-06-29,1
20200623,Southeast,"281,144.17","9,197.42","2,055.99",895.37,0.00,0.00,2020-06-23,2020-06-29,1
20200623,West,"981,223.66","793,842.54","547,320.61","253,278.15","57,655.03",0.00,2020-06-23,2020-06-29,1
20200616,High Plains,"198,790.56","310,574.47","167,397.04","68,283.55","38,555.14",0.00,2020-06-16,2020-06-22,1
20200616,Midwest,"402,847.05","96,018.25","16,421.92",0.00,0.00,0.00,2020-06-16,2020-06-22,1
20200616,Northeast,"130,707.12","72,388.07",0.00,0.00,0.00,0.00,2020-06-16,2020-06-22,1
20200616,South,"338,892.42","186,082.88","100,052.89","39,603.44","6,676.29",0.00,2020-06-16,2020-06-22,1
20200616,Southeast,"280,163.94","10,177.65","3,510.43",895.76,0.00,0.00,2020-06-16,2020-06-22,1
20200616,West,"968,924.33","806,141.87","526,802.49","247,962.28","57,523.85",0.00,2020-06-16,2020-06-22,1
20200609,High Plains,"239,128.18","270,236.85","132,051.47","62,689.86","29,171.21",0.00,2020-06-09,2020-06-15,1
20200609,Midwest,"451,925.34","46,939.96","10,646.48",0.00,0.00,0.00,2020-06-09,2020-06-15,1
20200609,Northeast,"140,229.65","62,865.54",0.00,0.00,0.00,0.00,2020-06-09,2020-06-15,1
20200609,South,"380,871.55","144,103.75","80,243.59","21,950.38","4,294.12",0.00,2020-06-09,2020-06-15,1
20200609,Southeast,"281,214.35","9,127.24","3,804.22",482.00,0.00,0.00,2020-06-09,2020-06-15,1
20200609,West,"986,056.02","789,010.18","500,126.85","220,286.86","46,925.52",0.00,2020-06-09,2020-06-15,1
20200602,High Plains,"245,063.33","264,301.70","113,471.35","58,601.23","22,406.10",0.00,2020-06-02,2020-06-08,1
20200602,Midwest,"446,886.61","51,978.69","14,930.79",0.00,0.00,0.00,2020-06-02,2020-06-08,1
20200602,Northeast,"185,306.03","17,789.16",0.00,0.00,0.00,0.00,2020-06-02,2020-06-08,1
20200602,South,"405,052.37","119,922.93","52,990.42","8,598.67","1,200.38",0.00,2020-06-02,2020-06-08,1
20200602,Southeast,"257,943.94","32,397.65","10,067.09","2,444.57",0.00,0.00,2020-06-02,2020-06-08,1
20200602,West,"1,023,494.16","751,572.04","477,702.09","211,668.00","35,203.59",0.00,2020-06-02,2020-06-08,1
20200526,High Plains,"307,161.64","202,203.39","104,486.61","55,141.87","20,289.95",0.00,2020-05-26,2020-06-01,1
20200526,Midwest,"433,984.47","64,880.83",0.00,0.00,0.00,0.00,2020-05-26,2020-06-01,1
20200526,Northeast,"192,231.87","10,863.32",0.00,0.00,0.00,0.00,2020-05-26,2020-06-01,1
20200526,South,"408,973.35","116,001.95","35,424.85","7,115.05",0.00,0.00,2020-05-26,2020-06-01,1
20200526,Southeast,"237,171.79","53,169.80","19,961.84","2,444.57",0.00,0.00,2020-05-26,2020-06-01,1
20200526,West,"1,076,395.07","698,671.13","467,342.40","196,696.78","35,122.54",0.00,2020-05-26,2020-06-01,1
20200519,High Plains,"293,950.88","215,414.15","104,486.61","57,817.86","20,289.95",0.00,2020-05-19,2020-05-25,1
20200519,Midwest,"435,132.08","63,733.22",0.00,0.00,0.00,0.00,2020-05-19,2020-05-25,1
20200519,Northeast,"196,280.34","6,814.85",0.00,0.00,0.00,0.00,2020-05-19,2020-05-25,1
20200519,South,"394,670.45","130,304.86","45,815.23","11,595.66",892.73,0.00,2020-05-19,2020-05-25,1
20200519,Southeast,"232,455.28","57,886.31","27,389.74","5,554.54",0.00,0.00,2020-05-19,2020-05-25,1
20200519,West,"1,067,627.69","707,438.51","460,855.14","193,025.75","36,261.90",0.00,2020-05-19,2020-05-25,1
20200512,High Plains,"304,387.65","204,977.38","87,856.75","57,579.46","17,305.04",0.00,2020-05-12,2020-05-18,1
20200512,Midwest,"458,905.08","39,960.22",0.00,0.00,0.00,0.00,2020-05-12,2020-05-18,1
20200512,Northeast,"203,095.19",0.00,0.00,0.00,0.00,0.00,2020-05-12,2020-05-18,1
20200512,South,"370,967.92","154,007.38","53,225.59","21,223.40","5,263.30",0.00,2020-05-12,2020-05-18,1
20200512,Southeast,"234,464.94","55,876.65","24,493.23","7,258.82",0.00,0.00,2020-05-12,2020-05-18,1
20200512,West,"1,091,614.43","683,451.77","423,689.80","175,339.14","28,998.67",0.00,2020-05-12,2020-05-18,1
20200505,High Plains,"317,210.09","192,154.94","74,839.69","45,808.30","12,170.97",0.00,2020-05-05,2020-05-11,1
20200505,Midwest,"493,286.74","5,578.56",0.00,0.00,0.00,0.00,2020-05-05,2020-05-11,1
20200505,Northeast,"203,095.19",0.00,0.00,0.00,0.00,0.00,2020-05-05,2020-05-11,1
20200505,South,"405,513.83","119,461.47","49,386.14","20,211.84","4,544.49",0.00,2020-05-05,2020-05-11,1
20200505,Southeast,"240,957.29","49,384.30","19,236.00","5,171.85",0.00,0.00,2020-05-05,2020-05-11,1
20200505,West,"1,118,606.94","656,459.26","404,848.76","159,719.64","24,382.87",0.00,2020-05-05,2020-05-11,1
20200428,High Plains,"333,822.75","175,542.28","64,630.56","36,424.03",0.00,0.00,2020-04-28,2020-05-04,1
20200428,Midwest,"491,428.02","7,437.28",0.00,0.00,0.00,0.00,2020-04-28,2020-05-04,1
20200428,Northeast,"203,095.19",0.00,0.00,0.00,0.00,0.00,2020-04-28,2020-05-04,1
20200428,South,"410,280.61","114,694.69","56,646.34","22,126.55","4,222.63",0.00,2020-04-28,2020-05-04,1
20200428,Southeast,"237,946.20","52,395.39","26,125.28","4,324.35",0.00,0.00,2020-04-28,2020-05-04,1
20200428,West,"1,180,832.31","594,233.89","355,293.62","141,218.58","9,659.40",0.00,2020-04-28,2020-05-04,1
20200421,High Plains,"385,679.79","123,685.24","61,443.93","32,039.30",0.00,0.00,2020-04-21,2020-04-27,1
20200421,Midwest,"490,890.22","7,975.07",0.00,0.00,0.00,0.00,2020-04-21,2020-04-27,1
20200421,Northeast,"203,095.19",0.00,0.00,0.00,0.00,0.00,2020-04-21,2020-04-27,1
20200421,South,"414,893.41","110,081.89","57,791.32","22,804.37","5,089.48",0.00,2020-04-21,2020-04-27,1
20200421,Southeast,"227,923.74","62,417.85","38,589.45","15,137.92",0.00,0.00,2020-04-21,2020-04-27,1
20200421,West,"1,198,116.70","576,949.50","339,758.35","129,472.02","9,659.40",0.00,2020-04-21,2020-04-27,1
20200414,High Plains,"426,450.46","82,914.57","60,800.47","15,407.79",0.00,0.00,2020-04-14,2020-04-20,1
20200414,Midwest,"498,865.30",0.00,0.00,0.00,0.00,0.00,2020-04-14,2020-04-20,1
20200414,Northeast,"203,095.19",0.00,0.00,0.00,0.00,0.00,2020-04-14,2020-04-20,1
20200414,South,"422,949.56","102,025.74","57,159.42","23,962.60","4,767.77",368.63,2020-04-14,2020-04-20,1
20200414,Southeast,"213,423.27","76,918.32","48,709.56","12,146.85",0.00,0.00,2020-04-14,2020-04-20,1
20200414,West,"1,195,999.54","579,066.66","325,616.85","92,466.79",0.00,0.00,2020-04-14,2020-04-20,1
20200407,High Plains,"428,814.15","80,550.88","54,345.65","8,747.00",0.00,0.00,2020-04-07,2020-04-13,1
20200407,Midwest,"498,865.30",0.00,0.00,0.00,0.00,0.00,2020-04-07,2020-04-13,1
20200407,Northeast,"203,095.19",0.00,0.00,0.00,0.00,0.00,2020-04-07,2020-04-13,1
20200407,South,"421,672.21","103,303.09","62,601.13","29,402.38","6,641.23",368.63,2020-04-07,2020-04-13,1
20200407,Southeast,"200,458.28","89,883.31","48,725.75","1,032.02",0.00,0.00,2020-04-07,2020-04-13,1
20200407,West,"1,211,857.06","563,209.14","330,980.06","53,172.92",0.00,0.00,2020-04-07,2020-04-13,1
20200331,High Plains,"418,327.71","91,037.32","54,265.75","5,046.22",0.00,0.00,2020-03-31,2020-04-06,1
20200331,Midwest,"498,865.30",0.00,0.00,0.00,0.00,0.00,2020-03-31,2020-04-06,1
20200331,Northeast,"203,095.19",0.00,0.00,0.00,0.00,0.00,2020-03-31,2020-04-06,1
20200331,South,"427,001.13","97,974.18","62,877.50","39,289.05","14,504.70",923.50,2020-03-31,2020-04-06,1
20200331,Southeast,"219,792.98","70,548.61","39,361.68",603.21,0.00,0.00,2020-03-31,2020-04-06,1
20200331,West,"1,203,474.59","571,591.61","330,229.71","49,890.99",0.00,0.00,2020-03-31,2020-04-06,1
20200324,High Plains,"416,817.34","92,547.69","52,739.25","5,046.22",0.00,0.00,2020-03-24,2020-03-30,1
20200324,Midwest,"498,865.30",0.00,0.00,0.00,0.00,0.00,2020-03-24,2020-03-30,1
20200324,Northeast,"196,549.36","6,545.83",0.00,0.00,0.00,0.00,2020-03-24,2020-03-30,1
20200324,South,"435,531.41","89,443.89","55,870.79","40,066.32","11,767.23",923.50,2020-03-24,2020-03-30,1
20200324,Southeast,"230,358.77","59,982.82","2,784.74",603.21,0.00,0.00,2020-03-24,2020-03-30,1
20200324,West,"1,195,483.52","579,582.67","292,763.99","42,771.19",0.00,0.00,2020-03-24,2020-03-30,1
20200317,High Plains,"420,009.79","89,355.24","53,792.33","5,100.78",0.00,0.00,2020-03-17,2020-03-23,1
20200317,Midwest,"498,865.30",0.00,0.00,0.00,0.00,0.00,2020-03-17,2020-03-23,1
20200317,Northeast,"190,749.69","12,345.50",0.00,0.00,0.00,0.00,2020-03-17,2020-03-23,1
20200317,South,"423,691.50","101,283.80","62,436.76","42,921.46","18,453.68",765.12,2020-03-17,2020-03-23,1
20200317,Southeast,"248,067.45","42,274.14","1,538.51",572.56,0.00,0.00,2020-03-17,2020-03-23,1
20200317,West,"1,196,446.99","578,619.21","310,125.16","42,096.57",0.00,0.00,2020-03-17,2020-03-23,1
20200310,High Plains,"420,009.79","89,355.24","53,792.33","5,100.78",0.00,0.00,2020-03-10,2020-03-16,1
20200310,Midwest,"498,865.30",0.00,0.00,0.00,0.00,0.00,2020-03-10,2020-03-16,1
20200310,Northeast,"203,095.19",0.00,0.00,0.00,0.00,0.00,2020-03-10,2020-03-16,1
20200310,South,"413,191.76","111,783.54","59,774.90","40,190.73","15,569.46",0.00,2020-03-10,2020-03-16,1
20200310,Southeast,"260,105.23","30,236.36","1,538.51",572.56,0.00,0.00,2020-03-10,2020-03-16,1
20200310,West,"1,201,229.19","573,837.01","320,634.99","35,803.74",0.00,0.00,2020-03-10,2020-03-16,1
20200303,High Plains,"420,009.79","89,355.24","52,168.65","5,100.78",0.00,0.00,2020-03-03,2020-03-09,1
20200303,Midwest,"498,865.30",0.00,0.00,0.00,0.00,0.00,2020-03-03,2020-03-09,1
20200303,Northeast,"203,095.19",0.00,0.00,0.00,0.00,0.00,2020-03-03,2020-03-09,1
20200303,South,"419,600.90","105,374.40","59,361.65","37,534.73","15,569.46",0.00,2020-03-03,2020-03-09,1
20200303,Southeast,"267,609.18","22,732.41","1,539.10",572.56,0.00,0.00,2020-03-03,2020-03-09,1
20200303,West,"1,166,164.11","608,902.09","280,854.84","35,803.74",0.00,0.00,2020-03-03,2020-03-09,1
20200225,High Plains,"420,009.79","89,355.24","49,510.78","5,100.78",0.00,0.00,2020-02-25,2020-03-02,1
20200225,Midwest,"498,865.30",0.00,0.00,0.00,0.00,0.00,2020-02-25,2020-03-02,1
20200225,Northeast,"203,095.19",0.00,0.00,0.00,0.00,0.00,2020-02-25,2020-03-02,1
20200225,South,"425,975.82","98,999.48","55,732.94","29,630.12","7,064.23",0.00,2020-02-25,2020-03-02,1
20200225,Southeast,"267,453.40","22,888.19","2,052.95",572.56,0.00,0.00,2020-02-25,2020-03-02,1
20200225,West,"1,183,074.47","591,991.73","243,157.17","35,803.74",0.00,0.00,2020-02-25,2020-03-02,1
20200218,High Plains,"405,077.43","104,287.60","53,058.31","7,643.91",0.00,0.00,2020-02-18,2020-02-24,1
20200218,Midwest,"498,865.30",0.00,0.00,0.00,0.00,0.00,2020-02-18,2020-02-24,1
20200218,Northeast,"203,095.19",0.00,0.00,0.00,0.00,0.00,2020-02-18,2020-02-24,1
20200218,South,"395,832.58","129,142.73","66,475.52","34,353.33","7,064.23",0.00,2020-02-18,2020-02-24,1
20200218,Southeast,"273,066.90","17,274.69","2,392.36",838.91,0.00,0.00,2020-02-18,2020-02-24,1
20200218,West,"1,193,977.69","581,088.51","211,387.07","35,742.48",0.00,0.00,2020-02-18,2020-02-24,1
20200211,High Plains,"398,542.26","110,822.77","53,834.27","7,643.91",0.00,0.00,2020-02-11,2020-02-17,1
20200211,Midwest,"498,865.30",0.00,0.00,0.00,0.00,0.00,2020-02-11,2020-02-17,1
20200211,Northeast,"203,095.19",0.00,0.00,0.00,0.00,0.00,2020-02-11,2020-02-17,1
20200211,South,"369,824.91","155,150.39","91,393.86","37,587.28","4,967.96",0.00,2020-02-11,2020-02-17,1
20200211,Southeast,"272,374.51","17,967.08","2,264.19",0.00,0.00,0.00,2020-02-11,2020-02-17,1
20200211,West,"1,192,477.42","582,588.78","217,370.62","35,766.05",0.00,0.00,2020-02-11,2020-02-17,1
20200204,High Plains,"375,932.45","133,432.58","59,860.50","6,668.02",0.00,0.00,2020-02-04,2020-02-10,1
20200204,Midwest,"498,865.30",0.00,0.00,0.00,0.00,0.00,2020-02-04,2020-02-10,1
20200204,Northeast,"200,033.73","3,061.46",0.00,0.00,0.00,0.00,2020-02-04,2020-02-10,1
20200204,South,"346,352.45","178,622.85","93,222.98","34,154.92","2,157.59",0.00,2020-02-04,2020-02-10,1
20200204,Southeast,"239,720.01","50,621.58","3,999.74",0.00,0.00,0.00,2020-02-04,2020-02-10,1
20200204,West,"1,204,753.17","570,313.03","215,678.36","36,654.08",0.00,0.00,2020-02-04,2020-02-10,1
20200128,High Plains,"372,903.64","136,461.39","60,449.43","6,668.02",0.00,0.00,2020-01-28,2020-02-03,1
20200128,Midwest,"498,865.30",0.00,0.00,0.00,0.00,0.00,2020-01-28,2020-02-03,1
20200128,Northeast,"200,033.73","3,061.46",0.00,0.00,0.00,0.00,2020-01-28,2020-02-03,1
20200128,South,"340,977.73","183,997.57","96,313.32","32,189.47","1,524.44",0.00,2020-01-28,2020-02-03,1
20200128,Southeast,"233,534.28","56,807.31","2,343.76",0.00,0.00,0.00,2020-01-28,2020-02-03,1
20200128,West,"1,188,984.78","586,081.41","225,451.84","36,762.37",0.00,0.00,2020-01-28,2020-02-03,1
20200121,High Plains,"372,686.47","136,678.56","61,346.18","17,833.35",0.00,0.00,2020-01-21,2020-01-27,1
20200121,Midwest,"498,865.30",0.00,0.00,0.00,0.00,0.00,2020-01-21,2020-01-27,1
20200121,Northeast,"198,293.53","4,801.66",0.00,0.00,0.00,0.00,2020-01-21,2020-01-27,1
20200121,South,"338,422.84","186,552.46","99,381.13","39,202.53","2,082.63",0.00,2020-01-21,2020-01-27,1
20200121,Southeast,"263,238.81","27,102.78","2,343.76",0.00,0.00,0.00,2020-01-21,2020-01-27,1
20200121,West,"1,238,425.69","536,640.50","235,728.37","59,439.66",25.39,0.00,2020-01-21,2020-01-27,1
20200114,High Plains,"387,748.61","121,616.42","61,450.15","17,893.80",0.00,0.00,2020-01-14,2020-01-20,1
20200114,Midwest,"498,865.30",0.00,0.00,0.00,0.00,0.00,2020-01-14,2020-01-20,1
20200114,Northeast,"201,839.90","1,255.28",0.00,0.00,0.00,0.00,2020-01-14,2020-01-20,1
20200114,South,"345,391.39","179,583.91","107,810.32","31,086.15","3,424.67",0.00,2020-01-14,2020-01-20,1
20200114,Southeast,"273,195.25","17,146.34","2,343.76",0.00,0.00,0.00,2020-01-14,2020-01-20,1
20200114,West,"1,263,508.79","511,557.41","209,909.41","59,508.13",25.39,0.00,2020-01-14,2020-01-20,1
20200107,High Plains,"387,748.61","121,616.42","61,450.15","17,893.80",0.00,0.00,2020-01-07,2020-01-13,1
20200107,Midwest,"497,548.41","1,316.89",0.00,0.00,0.00,0.00,2020-01-07,2020-01-13,1
20200107,Northeast,"202,309.22",785.97,0.00,0.00,0.00,0.00,2020-01-07,2020-01-13,1
20200107,South,"336,732.15","188,243.16","112,708.37","34,234.01","3,551.11",0.00,2020-01-07,2020-01-13,1
20200107,Southeast,"272,454.17","17,887.42","2,718.49",0.00,0.00,0.00,2020-01-07,2020-01-13,1
20200107,West,"1,248,228.26","526,837.94","219,401.41","59,568.58",25.39,13.99,2020-01-07,2020-01-13,1
20191231,High Plains,"384,929.37","124,435.66","61,450.15","24,416.90",0.00,0.00,2019-12-31,2020-01-06,1
20191231,Midwest,"497,548.41","1,316.89",0.00,0.00,0.00,0.00,2019-12-31,2020-01-06,1
20191231,Northeast,"202,309.22",785.97,0.00,0.00,0.00,0.00,2019-12-31,2020-01-06,1
20191231,South,"332,315.01","192,660.29","108,256.69","27,115.31","1,953.46",0.00,2019-12-31,2020-01-06,1
20191231,Southeast,"269,374.58","20,967.01","5,224.33",0.00,0.00,0.00,2019-12-31,2020-01-06,1
20191231,West,"1,247,022.82","528,043.38","221,502.97","84,856.41",62.63,13.99,2019-12-31,2020-01-06,1
